1;1;47.4932431975452;20.5155953;Tisza, Kiskörei vízerõmû
2;2;47.4970249975452;20.5171875;Tisza
3;3;47.4967929975452;20.5186295;Téli-kikötõ
4;4;47.4965859975452;20.5200087;Téli-kikötõ
5;5;47.4953333975452;20.519528;Téli-kikötõ
6;6;47.4963989975452;20.5222598;Téli-kikötõ
7;7;47.4946838975452;20.5209357;Téli-kikötõ
8;8;47.4944345975452;20.523296;Téli-kikötõ
9;9;47.4965309975452;20.5253388;Téli-kikötõ
10;10;47.4974442975452;20.5234848;Téli-kikötõ
11;11;47.4982560975452;20.5206267;Téli-kikötõ
12;12;47.4993230975452;20.5224463;Téli-kikötõ
13;13;47.4985831975452;20.5251926;Téli-kikötõ
14;14;47.4986735975452;20.5282484;Téli-kikötõ
15;15;47.4999725975452;20.5257765;Téli-kikötõ
16;16;47.4992045975452;20.5187539;Tisza
17;17;47.5016341975452;20.5238436;Tisza
18;18;47.5030081975452;20.518133;Köre kikötõ
19;19;47.5025526975452;20.5296461;Tisza
20;20;47.5048791975452;20.5240703;Kisköre strand
21;21;47.5013876975452;20.5285616;I. öblítõcsatorna
22;22;47.5001209975452;20.5316255;I. öblítõcsatorna
23;23;47.5021292975452;20.5312889;I. öblítõcsatorna
24;24;47.5034941975452;20.5355982;Tisza
25;25;47.5047690975452;20.529125;
26;26;47.5054518975452;20.533295;
27;27;47.5065070975452;20.5378097;
28;28;47.5078753975452;20.5428394;
29;29;47.5082600975452;20.546775;
30;30;47.5099100975452;20.549966;
31;31;47.5109200975452;20.5536648;
32;32;47.5113095975452;20.5575632;
33;33;47.5121327975452;20.5613054;
34;34;47.5129852975452;20.5644904;
35;35;47.5053495975452;20.5419496;Tisza
36;36;47.5075018975452;20.5475595;Tisza
37;37;47.5075670975452;20.552843;Átjáró
38;38;47.5092527975452;20.558357;Tisza
39;39;47.5114210975452;20.5659702;Tisza
40;40;47.5135544975452;20.5749309;Tisza, Álom part
41;41;47.5143827975452;20.5757961;
42;42;47.5143813975452;20.5769962;Tisza, Álom part
43;43;47.5152986975452;20.5748691;Dinnyéshát kikötõ
44;44;47.5159971975452;20.575964;Tiszanána strand
45;45;47.5161616975452;20.5803103;Tisza
46;46;47.5158980975452;20.581097;Abádszalóki-átjáró
47;47;47.5180290975452;20.5819432;Tisza
48;48;47.5214895975452;20.5869471;Tisza
49;49;47.5224371975452;20.5882573;
50;50;47.5233410975452;20.59329;Tisza
51;51;47.5226320975452;20.59508;
52;52;47.5274940975452;20.59239;
53;53;47.5258912975452;20.5989891;Tisza
54;54;47.5256540975452;20.600466;
55;55;47.5256224975452;20.6028198;
56;56;47.5292411975452;20.6035811;Tisza
57;57;47.5295810975452;20.597669;
58;58;47.5301640975452;20.604967;
59;59;47.5305380975452;20.603248;
60;60;47.5326852975452;20.6082672;Tisza
61;61;47.5330540975452;20.604939;
62;62;47.5353913975452;20.6143698;Tisza
63;63;47.5352160975452;20.610722;
64;64;47.5382191975452;20.6227469;Tisza
65;65;47.5305110975452;20.610149;
66;66;47.5339334975452;20.6186392;
67;67;47.5368363975452;20.6269508;
68;68;47.5382392975452;20.6329729;Tiszaderzsi csónakkikötõ
69;69;47.5390720975452;20.63293;
70;70;47.5398392975452;20.6326513;
71;71;47.5406428975452;20.6323577;Tisza
72;72;47.5413674975452;20.6358929;Tisza
73;73;47.5418348975452;20.635771;Tisza
74;74;47.5411369975452;20.6427691;
75;75;47.5435807975452;20.642208;Tisza
76;76;47.5460828975452;20.6475938;Tisza
77;77;47.5486340975452;20.6525766;Tisza
78;78;47.5442248975452;20.6516921;
79;79;47.5481099975452;20.6597305;
80;80;47.5505457975452;20.6572801;Tisza
81;81;47.5515537975452;20.661709;Tisza
82;82;47.5525547975452;20.6652615;Tisza
83;83;47.5551821975452;20.6681897;Tisza
84;84;47.5582173975452;20.6689279;Tisza
85;85;47.5603641975452;20.6687355;Tisza
86;86;47.5603370975452;20.669586;Tiszaderzsi-Holtág bejárat
87;87;47.5601340975452;20.670873;Tiszaderzsi-Holtág
88;88;47.5574210975452;20.671392;Tiszaderzsi-Holtág
89;89;47.5613370975452;20.673091;Tiszaderzsi-Holtág
90;90;47.5638130975452;20.673692;Tiszaderzsi-Holtág
91;91;47.5995830975452;20.688752;VI. öblítõcsatorna, mellékág
92;92;47.5667820975452;20.68146;Tiszaderzsi-Holtág
93;93;47.5617602975452;20.6689083;Tisza, Tiszaszõlõs, Aranyosi-sziget
94;94;47.5644319975452;20.6709253;Tisza, Tiszaszõlõs, Aranyosi-sziget
95;95;47.5667021975452;20.6739809;Tisza, Tiszaszõlõs, Aranyosi-sziget
96;97;47.5655595975452;20.666711;Tisza, Tiszaszõlõs, Aranyosi-sziget
97;98;47.5675749975452;20.6645138;Tisza, Tiszaszõlõs, Aranyosi-sziget
98;99;47.5698797975452;20.6630718;Tisza, Tiszaszõlõs, Aranyosi-kanyar
99;100;47.5706442975452;20.6639816;Tisza, Tiszaszõlõs, Aranyosi-kanyar
100;101;47.5706673975452;20.6667797;Tisza, Tiszaszõlõs, Aranyosi-sziget
101;102;47.5697755975452;20.6716892;Tisza, Tiszaszõlõs, Aranyosi-sziget
102;103;47.5689317975452;20.6829159;Tisza, Tiszaszõlõs
103;104;47.5700667975452;20.690366;Tisza, Tiszaszõlõs
104;105;47.5722533975452;20.6962089;Tisza, Tiszaszõlõs
105;106;47.5749446975452;20.7021406;Tisza, Tiszaszõlõs
106;107;47.5783724975452;20.7065694;Tisza, Tiszaszõlõs
107;108;47.5821705975452;20.7084577;Tisza, Tiszaszõlõs
108;109;47.5855225975452;20.7091358;Tisza, Tiszörvény
109;110;47.5889677975452;20.7081962;Tisza, Tiszörvény
110;111;47.5905513975452;20.7031952;Tisza, Tiszörvény
111;112;47.5921531975452;20.6985722;Tisza, Tiszörvény
112;113;47.5943006975452;20.6967697;Tisza, Tiszörvény
113;114;47.5975419975452;20.6959801;Tisza, Tiszörvény
114;115;47.6006496975452;20.6973155;Tisza, Tiszörvény
115;116;47.6019460975452;20.6988604;Tisza, Tiszörvény
116;117;47.6031614975452;20.7015555;Tisza, Tiszörvény
117;118;47.6049322975452;20.7076152;Tisza, Tiszörvény
118;119;47.6057887975452;20.7126963;Tisza, Tiszörvény
119;120;47.6067171975452;20.7161684;Tisza, Tiszörvény
120;121;47.6088004975452;20.7172155;Tisza, Tiszörvény
121;122;47.6109177975452;20.7165559;Tisza, Tiszafüred
122;123;47.6132111975452;20.7161121;Tisza, Tiszafüred
123;124;47.6153031975452;20.7173351;Tisza, Tiszafüred
124;125;47.6176062975452;20.7195289;Tisza, Tiszafüred
125;126;47.6201258975452;20.7206233;Tisza, Tiszafüred
126;127;47.6219829975452;20.7200225;Tisza, Tiszafüred
127;128;47.6243200975452;20.7180312;Tisza, Tiszafüred
128;129;47.6258793975452;20.7166348;Tisza, Tiszafüred
129;130;47.6275582975452;20.715521;Tisza, Tiszafüred
130;131;47.6297199975452;20.7146851;Tisza, Tiszafüred
131;132;47.6317974975452;20.7146003;Tisza, Tiszafüred
132;133;47.6340688975452;20.7153453;Tisza, Tiszafüred
133;134;47.6356917975452;20.7169225;Tisza, Tiszafüred
134;135;47.6367811975452;20.7185141;Tisza, Tiszafüred, Kis-Tisza
135;136;47.6374068975452;20.7196638;Tisza, Tiszafüred
136;137;47.6383658975452;20.7223851;Tisza, Tiszafüred
137;138;47.6403783975452;20.7271143;Tisza, Tiszafüred, 33-as híd
138;139;47.6426853975452;20.7310353;Tisza, Tiszafüred
139;140;47.6431773975452;20.7334473;Tisza, Tiszafüred
140;141;47.6430785975452;20.7365285;Tisza, Tiszafüred
141;142;47.6420376975452;20.7424337;Tisza, Tiszafüred
142;143;47.6406034975452;20.7488881;Tisza, Tiszafüred
143;144;47.6402622975452;20.7537961;Tisza, Tiszafüred
144;145;47.6420896975452;20.7595296;Tisza, Tiszafüred
145;146;47.6458647975452;20.7631405;Tisza, Tiszafüred
146;147;47.6498093975452;20.7667049;Tisza, Tiszafüred
147;148;47.6546802975452;20.7714864;Tisza, Tiszafüred
148;149;47.6595596975452;20.7669202;Tisza, Tiszavalk
149;150;47.6648693975452;20.7633599;Tisza, Tiszavalk
150;151;47.6680369975452;20.7653204;Tisza, Buláti-sziget
151;152;47.6700484975452;20.7688566;Tisza, Buláti-sziget
152;153;47.6739612975452;20.7755771;Tisza, Buláti-sziget
153;154;47.6777278975452;20.7810014;Tisza, Tiszavalk
154;155;47.6710887975452;20.7671744;Tisza, Buláti-sziget
155;156;47.6757629975452;20.773929;Tisza, Buláti-sziget
156;157;47.6809648975452;20.7898088;Tisza, Tiszabábolna
157;158;47.6826336975452;20.7983803;Tisza, Tiszabábolna
158;159;47.6802411975452;20.8046213;Tisza, Tiszabábolna
159;160;47.6759598975452;20.8091695;Tisza, Tiszabábolna
160;161;47.6396079975452;20.7515663;VIII. öblítõcsatorna
161;162;47.6410277975452;20.7432364;X. öblítõcsatorna
162;163;47.6396108975452;20.7443007;X. öblítõcsatorna
163;164;47.6379221975452;20.7455882;X. öblítõcsatorna
164;165;47.6360136975452;20.7471503;X. öblítõcsatorna
165;166;47.6339054975452;20.7488369;X. öblítõcsatorna
166;167;47.6326850975452;20.7491572;
167;168;47.6338128975452;20.7491615;VIII. öblítõcsatorna
168;169;47.6350159975452;20.7487081;VIII. öblítõcsatorna
169;170;47.6368782975452;20.7481502;VIII. öblítõcsatorna
170;171;47.6382084975452;20.749781;VIII. öblítõcsatorna
171;172;47.6313893975452;20.748183;
172;173;47.6300243975452;20.7458484;
173;174;47.6286552975452;20.7427315;Füredi-Holt-Tisza
174;175;47.6270355975452;20.7448258;Füredi-Holt-Tisza
175;176;47.6258092975452;20.7430405;Füredi-Holt-Tisza
176;177;47.6250966975452;20.7435748;Tiszafüred Városi kikötõ
177;178;47.6258323975452;20.7387146;Füredi-Holt-Tisza
178;179;47.6253555975452;20.7369937;Tiszafüredi strand
179;180;47.6275446975452;20.7346634;Füredi-Holt-Tisza
180;181;47.6294303975452;20.7315906;Füredi-Holt-Tisza
181;182;47.6295807975452;20.7389206;Füredi-Holt-Tisza
182;183;47.6314779975452;20.7347321;Füredi-Holt-Tisza
183;184;47.6332131975452;20.7324661;Füredi-Holt-Tisza
184;185;47.6353647975452;20.7313332;Füredi-Holt-Tisza
185;186;47.6316343975452;20.73005;Füredi-öblítõcsatorna
186;187;47.6322213975452;20.7270287;Füredi-öblítõcsatorna
187;188;47.6324354975452;20.7244903;Füredi-öblítõcsatorna
188;189;47.6339045975452;20.7232114;Füredi-öblítõcsatorna
189;190;47.6352911975452;20.7231299;Füredi-öblítõcsatorna
190;191;47.6358984975452;20.7216471;Füredi-öblítõcsatorna
191;192;47.6367671975452;20.7203012;Kisfüredi-fok, zsilip
192;193;47.6279817975452;20.7315306;Morotva kerékpáros pihenõpark
193;194;47.6281492975452;20.7309491;
194;195;47.6271948975452;20.7309576;
195;196;47.6265122975452;20.7321078;
196;197;47.6259093975452;20.7320523;
197;198;47.6244978975452;20.7310738;
198;199;47.6244092975452;20.7315067;Albatrosz kikötõ
199;200;47.6226850975452;20.730718;
200;201;47.6216940975452;20.72864;Örvényi-morotva
201;202;47.6235290975452;20.7266959;Örvényi-morotva
202;203;47.6257851975452;20.7254771;Örvényi-morotva
203;204;47.6283418975452;20.7242583;Örvényi-morotva
204;205;47.6196868975452;20.7262669;Örvényi-morotva
205;206;47.6169329975452;20.72431;Örvényi-morotva
206;207;47.6150706975452;20.7216148;Örvényi-morotva
207;208;47.6138694975452;20.7202275;
208;209;47.6151357975452;20.7227856;
209;210;47.6133680975452;20.7238284;
210;211;47.6118944975452;20.722644;
211;212;47.6149957975452;20.7248069;VII.öblítõcsatorna
212;213;47.6136997975452;20.7257167;VII.öblítõcsatorna
213;214;47.6122300975452;20.7249786;VII.öblítõcsatorna
214;215;47.6099270975452;20.7212878;
215;216;47.6112801975452;20.7196696;
216;217;47.6089827975452;20.7192421;
217;218;47.5209938975452;20.591613;
218;219;47.5193969975452;20.5888321;
219;220;47.5161160975452;20.5855533;
220;221;47.5147090975452;20.583844;Abádszalóki-átjáró
221;222;47.5131530975452;20.582814;
222;223;47.5134700975452;20.585606;zsilip
223;224;47.5130370975452;20.585563;IV. öblítõcsatorna
224;225;47.5123990975452;20.582258;
225;226;47.5102250975452;20.584962;IV. öblítõcsatorna
226;227;47.5087800975452;20.5875525;IV. öblítõcsatorna
227;228;47.5064760975452;20.590659;IV. öblítõcsatorna
228;229;47.5037470975452;20.595322;Abádi-Holt-Tisza
229;230;47.4994740975452;20.600684;Abádi-Holt-Tisza
230;231;47.4968830975452;20.603262;Abádi-Holt-Tisza
231;232;47.4936110975452;20.606831;Abádi-Holt-Tisza
232;233;47.4955790975452;20.599499;Abádszalóki-medence
233;234;47.4897540975452;20.606187;Abádi-Holt-Tisza
234;235;47.4878798975452;20.6044147;Abádi kikötõ
235;236;47.4902730975452;20.601344;Abádszalóki-medence
236;237;47.4927260975452;20.599482;Abádszalóki-medence
237;238;47.4968695975452;20.5957572;Abádszalóki-medence
238;239;47.5001467975452;20.5925102;Abádszalóki-medence
239;240;47.5024197975452;20.5899696;Abádszalóki-medence
240;241;47.5046983975452;20.5884629;Abádszalóki-medence
241;242;47.5039217975452;20.5838969;Abádszalóki-medence
242;243;47.5012131975452;20.5864048;Abádszalóki-medence
243;244;47.4981920975452;20.5896664;Abádszalóki-medence
244;245;47.4952078975452;20.5918521;Abádszalóki-medence
245;246;47.4926013975452;20.5940183;Abádszalóki-medence
246;247;47.4896748975452;20.5955143;Abádszalóki-medence
247;248;47.4876738975452;20.5902958;Abádszalóki-medence
248;249;47.4906962975452;20.5877098;Abádszalóki-medence
249;250;47.4935434975452;20.5863932;Abádszalóki-medence
250;251;47.4971887975452;20.5854435;Abádszalóki-medence
251;252;47.4998098975452;20.5818043;Abádszalóki-medence
252;253;47.5026693975452;20.5796397;Abádszalóki-medence
253;254;47.4999556975452;20.5752108;Abádszalóki-medence
254;255;47.4981166975452;20.5787144;Abádszalóki-medence
255;256;47.4950431975452;20.5812721;Abádszalóki-medence
256;257;47.4914672975452;20.5802821;Abádszalóki-medence
257;258;47.4883618975452;20.5821265;Abádszalóki-medence
258;259;47.4853073975452;20.5841846;Abádszalóki-medence
259;260;47.4830303975452;20.5866295;Abádszalók strand
260;261;47.4832540975452;20.5793781;Abádszalóki-medence
261;262;47.4863868975452;20.5770496;Abádszalóki-medence
262;263;47.4897677975452;20.5752601;Abádszalóki-medence
263;264;47.4935353975452;20.5764356;
264;265;47.4965343975452;20.5739491;Abádszalóki-medence
265;266;47.4925310975452;20.5720737;Abádszalóki-medence
266;267;47.4949384975452;20.5682402;Abádszalóki-medence
267;268;47.4918698975452;20.5675333;Abádszalóki-medence
268;269;47.4882598975452;20.5710887;Abádszalóki-medence
269;270;47.4838927975452;20.5710758;Abádszalóki-medence
270;271;47.4809048975452;20.5740909;Attila-öböl
271;272;47.4782131975452;20.5758075;Attila-öböl
272;273;47.4783167975452;20.5790693;Szalók Yacht klub
273;274;47.4758057975452;20.5745887;Szalóki-Holt-Tisza
274;275;47.4776098975452;20.5681858;Szalóki-Holt-Tisza
275;276;47.4758840975452;20.5604504;Nagykunsági öntözõ fõcsatorna torkolata
276;277;47.4808764975452;20.5678424;Attila-öböl
277;278;47.4791056975452;20.5625554;Szalóki-Holt-Tisza
278;279;47.4825121975452;20.5633894;Abádszalóki-medence
279;280;47.4857488975452;20.5655826;Abádszalóki-medence
280;281;47.4889963975452;20.5663079;Abádszalóki-medence
281;282;47.4963713975452;20.5670549;Matyi élmény horgász sziget
282;283;47.4965996975452;20.5650743;Abádszalóki-medence
283;284;47.4992438975452;20.5649713;Abádszalóki-medence
284;285;47.4977649975452;20.5599913;Abádszalóki-medence
285;286;47.4967108975452;20.5548632;II. öblítõcsatorna
286;287;47.4987908975452;20.5546985;II. öblítõcsatorna
287;288;47.5012523975452;20.5544496;II. öblítõcsatorna
288;289;47.5009389975452;20.5594187;Abádszalóki-medence
289;290;47.5018880975452;20.5643877;Abádszalóki-medence
290;291;47.5044160975452;20.562671;Abádszalóki-medence
291;292;47.5041390975452;20.563423;
292;293;47.5039430975452;20.564571;
293;294;47.5044430975452;20.565923;
294;295;47.5037000975452;20.56662;
295;296;47.5050410975452;20.565896;
296;297;47.5038149975452;20.5592128;Abádszalóki-medence
297;298;47.5032592975452;20.55584;Abádszalóki-medence
298;299;47.5065381975452;20.5604051;Abádszalóki-medence
299;300;47.5053639975452;20.5557199;Abádszalóki-medence
300;301;47.5052110975452;20.555536;
301;302;47.5057690975452;20.55353;Átjáró
302;303;47.4935082975452;20.562598;Abádszalóki-medence
303;304;47.4904115975452;20.5601882;Abádszalóki-medence
304;305;47.4877673975452;20.5594028;Abádszalóki-medence
305;306;47.4843219975452;20.5586172;Abádszalóki-medence
306;307;47.4816598975452;20.5557228;Abádszalóki-medence
307;308;47.4842584975452;20.5493713;Abádszalóki-medence
308;309;47.4870082975452;20.5518375;Abádszalóki-medence
309;310;47.4895788975452;20.5527299;Abádszalóki-medence
310;311;47.4924670975452;20.5540517;Abádszalóki-medence
311;312;47.4944943975452;20.5583433;Abádszalóki-medence
312;313;47.4951103975452;20.5530779;Abádszalóki-medence
313;314;47.4951901975452;20.5514328;Abádszalóki-medence
314;315;47.4932031975452;20.5485213;Abádszalóki-medence
315;316;47.4910979975452;20.5465944;Abádszalóki-medence
316;317;47.4889222975452;20.545735;Abádszalóki-medence
317;318;47.4861609975452;20.543243;Abádszalóki-medence
318;319;47.4887245975452;20.5372692;Abádszalóki-medence
319;320;47.4908980975452;20.5399485;Abádszalóki-medence
320;321;47.4925971975452;20.5420161;Abádszalóki-medence
321;322;47.4939774975452;20.5439044;Abádszalóki-medence
322;323;47.4955200975452;20.5460888;Abádszalóki-medence
323;324;47.4973518975452;20.5485864;Alkalmasi-tó
324;325;47.4988579975452;20.5520079;Alkalmasi-tó
325;326;47.4970458975452;20.5521023;Alkalmasi-tó
326;327;47.5008684975452;20.5520774;Alkalmasi-tó
327;328;47.4995741975452;20.5480339;Alkalmasi-tó
328;329;47.4979330975452;20.5448367;Alkalmasi-tó
329;330;47.4967500975452;20.5423648;Alkalmasi-tó
330;331;47.4952423975452;20.5401547;Abádszalóki-medence
331;332;47.4936825975452;20.5389192;Abádszalóki-medence
332;333;47.4929627975452;20.5343866;Abádszalóki-medence
333;334;47.4909052975452;20.5316902;Abádszalóki-medence
334;335;47.4952331975452;20.5354103;Abádszalóki-medence
335;336;47.4967807975452;20.5369654;Abádszalóki-medence
336;337;47.4981130975452;20.5394717;Alkalmasi-tó
337;338;47.4993105975452;20.5422225;Alkalmasi-tó
338;339;47.5003832975452;20.5447546;Alkalmasi-tó
339;340;47.5019730975452;20.5481163;Alkalmasi-tó
340;341;47.5031790975452;20.5512242;Alkalmasi-tó
341;342;47.5049330975452;20.5512371;Alkalmasi-tó
342;343;47.5037502975452;20.5490441;Alkalmasi-tó
343;344;47.5025383975452;20.5454221;Alkalmasi-tó
344;345;47.5015733975452;20.5420712;Alkalmasi-tó
345;346;47.5007035975452;20.5397537;Alkalmasi-tó
346;347;47.5000686975452;20.5376938;Abádszalóki-medence
347;348;47.4992017975452;20.5361145;Abádszalóki-medence
348;349;47.4979892975452;20.5345702;Abádszalóki-medence
349;350;47.4966670975452;20.5324588;Abádszalóki-medence
350;351;47.4948417975452;20.5307474;Abádszalóki-medence
351;352;47.4923662975452;20.5284669;Abádszalóki-medence
352;353;47.4916153975452;20.5272929;Bojlis félsziget
353;354;47.4910556975452;20.5240037;Hullámtéri-duzzasztó
354;355;47.4933869975452;20.5259606;Abádszalóki-medence
355;356;47.4956291975452;20.5274845;Abádszalóki-medence
356;357;47.4977457975452;20.5298964;Abádszalóki-medence
357;358;47.4992302975452;20.5327116;I. öblítõcsatorna
358;359;47.5004426975452;20.5342449;Alkalmasi-tó
359;360;47.5011616975452;20.5364078;Alkalmasi-tó
360;361;47.5014834975452;20.5391115;Alkalmasi-tó
361;362;47.5022517975452;20.5412658;Alkalmasi-tó
362;363;47.5034835975452;20.5445123;Alkalmasi-tó
363;364;47.5049504975452;20.548306;Alkalmasi-tó
364;365;47.5359360975452;20.606534;Sarudi-medence
365;366;47.5366330975452;20.609659;Sarudi-medence
366;367;47.5371690975452;20.6125859;Sarudi-medence
367;368;47.5378064975452;20.6155728;Sarudi-medence
368;369;47.5389914975452;20.6181734;Sarudi-medence
369;370;47.5408160975452;20.6182398;Sarudi-medence
370;371;47.5400447975452;20.6156678;Sarudi-medence
371;372;47.5395812975452;20.6119728;Sarudi-medence
372;373;47.5391785975452;20.6083551;Sarudi-medence
373;374;47.5386501975452;20.6044322;Sarudi-medence
374;375;47.5418137975452;20.6026555;Sarudi-medence
375;376;47.5415802975452;20.60675;Sarudi-medence
376;377;47.5419220975452;20.6101618;Sarudi-medence
377;378;47.5417738975452;20.6136273;Sarudi-medence
378;379;47.5419980975452;20.6163581;Sarudi-medence
379;380;47.5419437975452;20.6191342;Sarudi-medence
380;381;47.5415671975452;20.621177;Sarudi-medence
381;382;47.5410134975452;20.623653;Sarudi-medence
382;383;47.5427053975452;20.6254383;Sarudi-medence
383;384;47.5440420975452;20.6220621;Sarudi-medence
384;385;47.5437167975452;20.6139653;Sarudi-medence
385;386;47.5437251975452;20.6116651;Sarudi-medence
386;387;47.5434458975452;20.6085861;Sarudi-medence
387;388;47.5442645975452;20.6062003;Sarudi-medence
388;389;47.5435860975452;20.6285282;Sarudi-medence
389;390;47.5434585975452;20.6319271;Sarudi-medence
390;392;47.5441409975452;20.6389724;Sarudi-medence
391;393;47.5458008975452;20.6410281;Sarudi-medence
392;394;47.5472578975452;20.6426159;Sarudi-medence
393;395;47.5472752975452;20.6453325;Sarudi-medence
394;396;47.5476368975452;20.637224;Sarudi-medence
395;397;47.5472197975452;20.6321085;Sarudi-medence
396;398;47.5464946975452;20.6256652;Sarudi-medence
397;399;47.5455773975452;20.617616;Sarudi-medence
398;400;47.5455617975452;20.6103605;Sarudi-medence
399;401;47.5467674975452;20.6089125;Sarudi-medence
400;402;47.5475703975452;20.6138652;Sarudi-medence
401;403;47.5489973975452;20.6207042;Sarudi-medence
402;404;47.5495544975452;20.6279629;Sarudi-medence
403;405;47.5497109975452;20.6344804;Sarudi-medence
404;406;47.5496483975452;20.6412817;Sarudi-medence
405;407;47.5485845975452;20.6470448;Sarudi-medence
406;408;47.5491209975452;20.6494607;Sarudi-medence
407;409;47.5503408975452;20.651715;Sarudi-medence
408;410;47.5511314975452;20.6464316;Sarudi-medence
409;411;47.5514328975452;20.6541312;Sarudi-medence
410;412;47.5530808975452;20.6565654;Sarudi-medence
411;413;47.5529503975452;20.6504141;Sarudi-medence
412;414;47.5524495975452;20.6443528;Sarudi-medence
413;415;47.5518917975452;20.6373854;Sarudi-medence
414;416;47.5520976975452;20.6306352;Sarudi-medence
415;417;47.5515472975452;20.6240748;Sarudi-medence
416;418;47.5507874975452;20.6170478;Sarudi-medence
417;419;47.5507391975452;20.6122774;Sarudi-medence
418;420;47.5499588975452;20.6075025;Sarudi-medence
419;421;47.5529943975452;20.6069532;Sarudi-medence
420;422;47.5535921975452;20.6198862;Sarudi-medence
421;423;47.5540440975452;20.62679;Sarudi-medence
422;424;47.5544637975452;20.6336088;Sarudi-medence
423;425;47.5544517975452;20.6405821;Sarudi-medence
424;426;47.5550968975452;20.647477;Sarudi-medence
425;427;47.5555454975452;20.6505858;Sarudi-medence
426;428;47.5550625975452;20.6555344;Sarudi-medence
427;429;47.5569688975452;20.6557199;Sarudi-medence
428;430;47.5594331975452;20.6558529;Sarudi-medence
429;431;47.5579880975452;20.6502537;Sarudi-medence
430;432;47.5570177975452;20.6439338;Sarudi-medence
431;433;47.5567780975452;20.6370407;Sarudi-medence
432;434;47.5569197975452;20.6296949;Sarudi-medence
433;435;47.5561756975452;20.6226358;Sarudi-medence
434;436;47.5554226975452;20.6165675;Sarudi-medence
435;437;47.5544002975452;20.6109126;Sarudi-medence
436;438;47.5553404975452;20.6062665;Sarudi-medence
437;439;47.5569294975452;20.6134328;Sarudi-medence
438;440;47.5580755975452;20.6191339;Sarudi-medence
439;441;47.5589006975452;20.6257124;Sarudi-medence
440;442;47.5594250975452;20.6328779;Sarudi-medence
441;443;47.5589118975452;20.6399427;Sarudi-medence
442;444;47.5592014975452;20.6468091;Sarudi-medence
443;445;47.5606564975452;20.6522909;Sarudi-medence
444;446;47.5629731975452;20.6543852;Sarudi-medence
445;447;47.5632008975452;20.6498846;Sarudi-medence
446;448;47.5609969975452;20.6418224;Sarudi-medence
447;449;47.5656040975452;20.6545109;Sarudi-medence
448;450;47.5660734975452;20.650185;Sarudi-medence
449;451;47.5648022975452;20.6450637;Sarudi-medence
450;452;47.5628561975452;20.6368614;Sarudi-medence
451;453;47.5616202975452;20.6283117;Sarudi-medence
452;454;47.5606730975452;20.6220388;Sarudi-medence
453;455;47.5594779975452;20.6158361;Sarudi-medence
454;456;47.5602666975452;20.6113477;Sarudi-medence
455;457;47.5623980975452;20.6144376;Sarudi-medence
456;458;47.5625013975452;20.6188573;Sarudi-medence
457;459;47.5633750975452;20.6248613;Sarudi-medence
458;460;47.5650279975452;20.6319604;Sarudi-medence
459;461;47.5663775975452;20.6401371;Sarudi-medence
460;462;47.5671188975452;20.6465915;Sarudi-medence
461;463;47.5692295975452;20.6507944;Sarudi-medence
462;464;47.5682606975452;20.6546611;Sarudi-medence
463;465;47.5706233975452;20.6550387;Sarudi-medence
464;466;47.5716063975452;20.6514962;Sarudi-medence
465;467;47.5701186975452;20.6479391;Sarudi-medence
466;468;47.5691920975452;20.6422399;Sarudi-medence
467;469;47.5683465975452;20.6351246;Sarudi-medence
468;470;47.5665569975452;20.6275487;Sarudi-medence
469;471;47.5654425975452;20.6211933;Sarudi-medence
470;472;47.5657152975452;20.6178531;Sarudi-medence
471;473;47.5649917975452;20.6130643;Sarudi-medence
472;474;47.5681885975452;20.6117597;Sarudi-medence
473;475;47.5684486975452;20.6162738;Sarudi-medence
474;476;47.5688778975452;20.622746;Sarudi-medence
475;477;47.5703849975452;20.6300605;Sarudi-medence
476;478;47.5708482975452;20.6369184;Sarudi-medence
477;479;47.5715778975452;20.6440767;Sarudi-medence
478;480;47.5736393975452;20.648969;Sarudi-medence
479;481;47.5725838975452;20.6519506;V. öblítõcsatorna
480;482;47.5731608975452;20.6523892;Sarudi-medence
481;483;47.5730797975452;20.6563546;Sarudi-medence
482;484;47.5748400975452;20.6559597;Sarudi-medence
483;485;47.5747937975452;20.6528698;Sarudi-medence
484;486;47.5760614975452;20.6549596;Sarudi-medence
485;487;47.5776826975452;20.6557878;Sarudi-medence
486;488;47.5765775975452;20.6530923;Sarudi-medence
487;489;47.5755963975452;20.6498991;Sarudi-medence
488;490;47.5810773975452;20.6190418;Sarkad-fok
489;491;47.5732745975452;20.6388839;Sarudi-medence
490;492;47.5727591975452;20.6318716;Sarudi-medence
491;493;47.5722828975452;20.6255612;Sarudi-medence
492;494;47.5713583975452;20.6195552;Sarudi-medence
493;495;47.5702945975452;20.6138031;Sarudi-medence
494;496;47.5704617975452;20.6111245;Sarudi-medence
495;497;47.5702414975452;20.6082063;Sarudi-medence
496;498;47.5718946975452;20.6103864;Sarudi-medence
497;499;47.5724853975452;20.6161387;Sarudi-medence
498;500;47.5733793975452;20.6215293;Sarudi-medence
499;501;47.5745990975452;20.6276641;Sarudi-medence
500;502;47.5749943975452;20.6338028;Sarudi-medence
501;503;47.5760828975452;20.640901;Sarudi-medence
502;504;47.5763028975452;20.6462427;Sarudi-medence
503;505;47.5780192975452;20.6509294;Sarudi-medence
504;506;47.5790375975452;20.6561483;Sarudi-medence
505;507;47.5803003975452;20.6551875;Sarudi-medence
506;508;47.5798735975452;20.6517362;Sarudi-medence
507;509;47.5790936975452;20.6477374;Sarudi-medence
508;510;47.5769715975452;20.6434508;Sarudi-medence
509;511;47.5815856975452;20.6558913;Sarudi-medence
510;512;47.5824540975452;20.6540202;Sarudi-medence
511;513;47.5814757975452;20.6521653;Sarudi-medence
512;514;47.5772582975452;20.6359056;Sarudi-medence
513;515;47.5762015975452;20.6299899;Sarudi-medence
514;516;47.5757012975452;20.6233317;Sarudi-medence
515;517;47.5747254975452;20.6183683;Sarudi-medence
516;518;47.5740681975452;20.6139108;Sarudi-medence
517;519;47.5750279975452;20.6153528;Sarudi-medence
518;520;47.5753748975452;20.6132523;Sarudi-medence
519;521;47.5764246975452;20.6117245;Sarudi-medence
520;522;47.5772314975452;20.6116752;Sarudi-medence
521;523;47.5769515975452;20.6129862;Sarudi-medence
522;524;47.5777564975452;20.6131493;Sarudi-medence
523;525;47.5761826975452;20.6145999;Sarudi-medence
524;526;47.5764060975452;20.616769;Sarudi-medence
525;527;47.5764874975452;20.6202051;Sarudi-medence
526;528;47.5774336975452;20.6256987;Sarudi-medence
527;529;47.5782512975452;20.631242;Sarudi-medence
528;530;47.5775874975452;20.6187084;Sarudi-medence
529;531;47.5781986975452;20.6212491;Sarkad-fok
530;532;47.5800469975452;20.6285134;
531;533;47.5802853975452;20.6240164;Sarkad-fok
532;534;47.5814201975452;20.6223685;Sarkad-fok
533;535;47.5800884975452;20.6200167;Sarkad-fok
534;536;47.5793688975452;20.6354271;Sarudi-medence
535;537;47.5784480975452;20.6406184;Sarudi-medence
536;538;47.5797692975452;20.6450857;Sarudi-medence
537;539;47.5819769975452;20.6489776;Sarudi-medence
538;540;47.5838551975452;20.6531619;Sarudi-medence
539;541;47.5851866975452;20.6540545;Sarudi-medence
540;542;47.5840611975452;20.6500419;Sarudi-medence
541;543;47.5824440975452;20.6462959;Sarudi-medence
542;544;47.5807652975452;20.6418811;Sarudi-medence
543;545;47.5803297975452;20.6368419;Sarudi-medence
544;546;47.5811006975452;20.6331482;Sarudi-medence
545;547;47.5816277975452;20.6305012;Sarudi-medence
546;548;47.5827856975452;20.627274;Sarudi-medence
547;549;47.5835556975452;20.6245016;Sarudi-medence
548;550;47.5847308975452;20.6250767;Sarudi-medence
549;551;47.5861076975452;20.6262492;Sarudi-medence
550;552;47.5849103975452;20.6287674;Sarudi-medence
551;553;47.5837235975452;20.6318316;Sarudi-medence
552;554;47.5824079975452;20.6342095;Sarudi-medence
553;555;47.5818086975452;20.6376855;Sarudi-medence
554;556;47.5829263975452;20.6431846;Sarudi-medence
555;557;47.5839930975452;20.6395113;Sarudi-medence
556;558;47.5846108975452;20.6360419;Sarudi-medence
557;559;47.5857353975452;20.6332692;Sarudi-medence
558;560;47.5872202975452;20.6299519;Sarudi-medence
559;561;47.5873938975452;20.6273083;Sarudi-medence
560;562;47.5872335975452;20.6315008;Sarudi-medence
561;563;47.5878280975452;20.6320676;Sarudi-medence
562;564;47.5869191975452;20.6337199;Sarudi-medence
563;565;47.5868468975452;20.635827;Sarudi-medence
564;566;47.5867108975452;20.638664;Sarudi-medence
565;567;47.5859911975452;20.6416815;Sarudi-medence
566;568;47.5879290975452;20.6374375;Sarudi-medence
567;569;47.5877629975452;20.6409256;Sarudi-medence
568;570;47.5791040975452;20.612775;
569;571;47.5787531975452;20.6134922;Kis-Tisza, Sarud
570;572;47.5800184975452;20.6125229;Sarud strand
571;573;47.5793830975452;20.6152953;
572;574;47.5786245975452;20.6159304;
573;575;47.5775604975452;20.6159985;Kis-Tisza, Sarud
574;576;47.5781820975452;20.6176722;Kis-Tisza, Sarud
575;577;47.5795914975452;20.6179905;Kis-Tisza, Sarud
576;578;47.5812986975452;20.6176289;Kis-Tisza, Sarud
577;579;47.5804106975452;20.6168574;
578;580;47.5795509975452;20.6169475;
579;581;47.5835466975452;20.6217177;Kis-Tisza, Sarud
580;582;47.5844060975452;20.6224047;
581;583;47.5847589975452;20.6234557;Kis-Tisza, Újlõrincfalva
582;584;47.5862588975452;20.6249494;Kis-Tisza, Újlõrincfalva
583;585;47.5864206975452;20.6226279;
584;586;47.5850428975452;20.6226794;
585;587;47.5876690975452;20.623996;
586;588;47.5878171975452;20.6229306;
587;589;47.5884344975452;20.6254824;Kis-Tisza, Újlõrincfalva
588;590;47.5893486975452;20.6245734;
589;591;47.5894611975452;20.6230594;
590;592;47.5717268975452;20.6577871;V. öblítõcsatorna
591;593;47.5712472975452;20.6611616;V. öblítõ zsilip
592;594;47.5709740975452;20.6628511;V. öblítõcsatorna
593;595;47.5880508975452;20.629628;Kis-Tisza, Újlõrincfalva
594;596;47.5885371975452;20.6305206;Kis-Tisza, Újlõrincfalva
595;597;47.5902506975452;20.6306666;Kis-Tisza, Újlõrincfalva
596;598;47.5911322975452;20.6325382;Kis-Tisza, Balázs-fok, Újlõrincfalva
597;599;47.5890453975452;20.6282627;
598;600;47.5894380975452;20.629522;
599;601;47.5930575975452;20.6326217;Kis-Tisza, Újlõrincfalva
600;602;47.5935209975452;20.6343679;Kis-Tisza, Újlõrincfalva
601;603;47.5935220975452;20.6368253;Kis-Tisza, Újlõrincfalva
602;604;47.5944742975452;20.6375935;Kis-Tisza, Újlõrincfalva
603;605;47.5963477975452;20.6368648;Kis-Tisza, Újlõrincfalva
604;606;47.5976788975452;20.6363542;Kis-Tisza, Újlõrincfalva
605;607;47.5992147975452;20.6371646;Kis-Tisza, Újlõrincfalva
606;608;47.6004170975452;20.638944;Kis-Tisza, Újlõrincfalva, Rebence
607;609;47.6008693975452;20.6395014;Kis-Tisza, Újlõrincfalva
608;610;47.6031784975452;20.6410828;Kis-Tisza, Újlõrincfalva
609;611;47.6048048975452;20.6415658;Kis-Tisza, Újlõrincfalva
610;612;47.6056178975452;20.6411624;Kis-Tisza, Újlõrincfalva
611;613;47.6062052975452;20.6396089;Kis-Tisza, Újlõrincfalva
612;614;47.6060750975452;20.6373773;Kis-Tisza, Újlõrincfalva
613;615;47.6064338975452;20.6364503;Kis-Tisza, Újlõrincfalva
614;616;47.6071629975452;20.6367056;Kis-Tisza, Poroszló
615;617;47.6077867975452;20.6382568;Kis-Tisza, Poroszló
616;618;47.6084753975452;20.6389949;Kis-Tisza, Poroszló
617;619;47.6089008975452;20.6393471;Kis-Tisza Rebence kijáró
618;620;47.6095169975452;20.638834;Kis-Tisza, Poroszló
619;621;47.6109902975452;20.6372675;Kis-Tisza, Poroszló
620;622;47.6106974975452;20.6367569;Nyugdíjas-kubik, Poroszló
621;623;47.6110752975452;20.6361796;Nyugdíjas kubik
622;624;47.6102232975452;20.6364039;Nyugdíjas kubik
623;625;47.6092221975452;20.6366828;Nyugdíjas kubik
624;626;47.6124461975452;20.6361867;Kis-Tisza, Poroszló
625;627;47.6150372975452;20.6358539;Kis-Tisza, Poroszló
626;628;47.6163521975452;20.6369655;Kis-Tisza, Poroszló
627;629;47.6174950975452;20.6380627;Kis-Tisza, Poroszló
628;630;47.6204915975452;20.6382899;Kis-Tisza, Poroszló
629;631;47.6223970975452;20.6387727;Kis-Tisza, Poroszló
630;632;47.6234628975452;20.6407682;Kis-Tisza, Poroszló
631;633;47.6235641975452;20.6419898;Kis-Tisza, Poroszló
632;634;47.6234179975452;20.6430286;Kis-Tisza, Poroszló
633;635;47.6231229975452;20.6437067;Kis-Tisza, Poroszló
634;636;47.6226947975452;20.6442385;Kis-Tisza, Poroszló
635;637;47.6218153975452;20.6448993;Kis-Tisza, Poroszló
636;638;47.6213127975452;20.6454414;Kis-Tisza, Poroszló
637;639;47.6213879975452;20.6462911;Kis-Tisza, Poroszló
638;640;47.6218420975452;20.6466516;Kis-Tisza, Poroszló
639;641;47.6236452975452;20.6470235;Ki-Tisza, Poroszló, Rebence lagúna
640;642;47.6249016975452;20.6472892;Kis-Tisza, Poroszló
641;643;47.6268965975452;20.6488376;Kis-Tisza, Poroszló
642;644;47.6270425975452;20.6498955;Kis-Tisza, Poroszló
643;645;47.6266315975452;20.6509224;Kis-Tisza, Poroszló
644;646;47.6255904975452;20.6522681;Kis-Tisza, Poroszló
645;647;47.6249907975452;20.6536947;Kis-Tisza, Poroszló
646;648;47.6251158975452;20.6552837;Kis-Tisza, Poroszló
647;649;47.6260443975452;20.6569144;Kis-Tisza, Poroszló
648;650;47.6270381975452;20.6582319;Kis-Tisza, Poroszló
649;651;47.6278072975452;20.6586631;Kis-Tisza, Poroszló, Csapói Holt-Tisza
650;652;47.6296464975452;20.6583519;Kis-Tisza, Poroszló
651;653;47.6309768975452;20.6572361;Kis-Tisza, Poroszló
652;654;47.6324951975452;20.6554293;Kis-Tisza, Poroszló
653;655;47.6338746975452;20.6532846;Kis-Tisza, Poroszló
654;656;47.6346988975452;20.6524586;Kis-Tisza, Poroszló
655;657;47.6356683975452;20.652656;Kis-Tisza, Poroszló
656;658;47.6362727975452;20.6533697;Kis-Tisza, Poroszló, Nagykubik
657;659;47.6363623975452;20.6549747;Kis-Tisza Eger-vize, Poroszló
658;660;47.6361199975452;20.656052;Kis-Tisza, Poroszló
659;661;47.6358914975452;20.6579317;Kis-Tisza, Poroszló
660;662;47.6359017975452;20.6596399;Kis-Tisza, Poroszló
661;663;47.6361904975452;20.6620611;Kis-Tisza, Poroszló
662;664;47.6365599975452;20.6646356;Kis-Tisza, Poroszló
663;665;47.6366676975452;20.6661263;Kilátó
664;666;47.6369842975452;20.6687468;Kis-Tisza, Poroszló
665;667;47.6370102975452;20.6700342;Kis-Tisza, Poroszló
666;668;47.6369581975452;20.6718367;Kis-Tisza, Poroszló
667;669;47.6372127975452;20.6737034;Kis-Tisza, Poroszló
668;670;47.6376100975452;20.6754316;Kis-Tisza, Poroszló
669;671;47.6388800975452;20.677879;Átjáró, Kis-Tisza, Poroszló
670;672;47.6398040975452;20.679959;Kis-Tisza, Ispán-tava, Porong-tava, Poroszló
671;673;47.6404365975452;20.6815652;Kis-Tisza, Poroszló
672;674;47.6405958975452;20.6830583;Kis-Tisza, Poroszló
673;675;47.6405785975452;20.6845518;Kis-Tisza, Poroszló
674;676;47.6403804975452;20.6858789;Kis-Tisza, Poroszló
675;677;47.6400934975452;20.6871119;Kis-Tisza, Poroszló
676;678;47.6394270975452;20.6893322;Kis-Tisza, Poroszló
677;679;47.6385559975452;20.69142;Kis-Tisza
678;680;47.6380099975452;20.6929962;Kis-Tisza, Poroszló
679;681;47.6377471975452;20.6942398;Kis-Tisza, Poroszló
680;682;47.6379321975452;20.6954844;Kis-Tisza, Poroszló
681;683;47.6378139975452;20.6967932;Kis-Tisza, Poroszló
682;684;47.6377078975452;20.6981913;Kis-Tisza, Poroszló
683;685;47.6378603975452;20.6989612;Kis-Tisza, Poroszló
684;686;47.6380730975452;20.6995009;Kis-Tisza, Poroszló
685;687;47.6394148975452;20.7004193;Kis-Tisza, Poroszló
686;688;47.6411829975452;20.7014009;Kis-Tisza, Poroszló
687;689;47.6422524975452;20.7025363;Kis-Tisza, Poroszló
688;690;47.6430345975452;20.7039611;Kis-Tisza, Poroszló
689;691;47.6432216975452;20.7056643;Kis-Tisza, Poroszló
690;692;47.6437464975452;20.7075762;Kis-Tisza, Poroszló
691;693;47.6444909975452;20.709295;Kis-Tisza, Poroszló
692;694;47.6447237975452;20.7112092;Kis-Tisza, Poroszló
693;695;47.6450041975452;20.7130803;Kis-Tisza, Poroszló
694;696;47.6458784975452;20.7133136;Kis-Tisza, Poroszló
695;697;47.6461477975452;20.7148084;Kis-Tisza, Poroszló
696;698;47.6461651975452;20.7171687;Kis-Tisza, Poroszló
697;699;47.6456678975452;20.719778;Kis-Tisza, Poroszló
698;700;47.6451777975452;20.7211551;Kis-Tisza, Poroszló
699;701;47.6444202975452;20.7223739;Kis-Tisza, Poroszló, zsilip
700;702;47.6432106975452;20.7236427;Kis-Tisza, Poroszló
701;703;47.6424935975452;20.723057;Kis-Tisza, Tiszafüred
702;704;47.6412785975452;20.7207663;Kis-Tisza, Tiszafüred
703;705;47.6403575975452;20.7191397;Kis-Tisza, Tiszafüred
704;706;47.6402158975452;20.7183094;Kis-Tisza, Tiszafüred
705;707;47.6403141975452;20.7177171;Kis-Tisza, Tiszafüred
706;708;47.6398084975452;20.716518;Kis-Tisza, Tiszafüred
707;709;47.6392298975452;20.7158236;Kis-Tisza, Tiszafüred
708;710;47.6385705975452;20.7162185;Kis-Tisza, Tiszafüred
709;711;47.6382078975452;20.7167382;Kis-Tisza, Tiszafüred
710;712;47.6380719975452;20.7173948;Kis-Tisza, Tiszafüred
711;713;47.6373663975452;20.7179613;Kis-Tisza, Tiszafüred, Élõ-Tisza
712;714;47.6380620975452;20.680859;Porong-tava
713;715;47.6371870975452;20.682147;Porong-tava
714;716;47.6375930975452;20.684463;Porong-tava
715;717;47.6357430975452;20.682549;Ispán-tava
716;718;47.6350346975452;20.6801782;Ispán-tava
717;719;47.6352385975452;20.682678;Ispán-tava
718;720;47.6352991975452;20.6856713;Ispán-tava
719;721;47.6351177975452;20.690376;Ispán-tava
720;722;47.5913235975452;20.6234048;Laskó torkolat
721;723;47.5906236975452;20.6262226;
722;724;47.5905207975452;20.6284493;
723;725;47.5914816975452;20.6290845;
724;726;47.5927203975452;20.6293591;
725;727;47.5927075975452;20.6272869;
726;728;47.5928247975452;20.6257345;
727;729;47.5938348975452;20.6264341;
728;730;47.5944615975452;20.6290144;
729;731;47.5948839975452;20.6284713;
730;732;47.5954562975452;20.6276607;Neptun-kikötõ
731;733;47.5960972975452;20.6301391;
732;734;47.5944967975452;20.6307848;
733;735;47.5939640975452;20.6316384;
734;736;47.5957294975452;20.6320869;
735;737;47.5951621975452;20.6333744;
736;738;47.5946528975452;20.6346618;
737;739;47.5954863975452;20.6356575;
738;740;47.5967063975452;20.6353807;
739;741;47.5967642975452;20.6333465;
740;742;47.5972917975452;20.6321797;
741;743;47.5975195975452;20.634179;
742;744;47.5981227975452;20.6335921;
743;745;47.5991456975452;20.633023;
744;746;47.5989157975452;20.6353173;
745;747;47.6007328975452;20.6373674;
746;748;47.6014214975452;20.6341939;
747;749;47.6019135975452;20.6382944;
748;750;47.6037710975452;20.6351381;
749;751;47.6035686975452;20.6395132;
750;752;47.6049055975452;20.6390669;
751;753;47.6047781975452;20.6360929;
752;754;47.6056171975452;20.6354642;
753;755;47.6242121975452;20.6407984;Háromszög-kubik
754;756;47.6252881975452;20.6409186;Háromszög-kubik
755;757;47.6248167975452;20.6425837;Háromszög-kubik
756;758;47.6247603975452;20.6450438;Nagy-kubik
757;759;47.6259867975452;20.6463484;Nagy-kubik
758;760;47.6262495975452;20.6445166;Nagy-kubik
759;761;47.6265651975452;20.6433443;Nagy-kubik
760;762;47.6267227975452;20.6417254;Nagy-kubik
761;763;47.6280818975452;20.6424464;Nagy-kubik
762;764;47.6279187975452;20.6443571;Nagy-kubik
763;765;47.6274791975452;20.646357;
764;766;47.6271667975452;20.647653;Nagy-kubik
765;767;47.6277270975452;20.649323;
766;768;47.6289557975452;20.6489501;Nagy-kubik
767;769;47.6285855975452;20.6520228;Nagy-kubik
768;770;47.6288168975452;20.6542029;Nagy-kubik
769;771;47.6289946975452;20.6471037;Nagy-kubik
770;772;47.6291364975452;20.6453012;Nagy-kubik
771;773;47.6294122975452;20.6434205;Nagy-kubik
772;774;47.6305806975452;20.644193;Nagy-kubik
773;775;47.6312866975452;20.6436094;Nagy-kubik
774;776;47.6309308975452;20.6458839;Nagy-kubik
775;777;47.6307184975452;20.647447;
776;778;47.6304307975452;20.6491432;Nagy-kubik
777;779;47.6316876975452;20.6481295;Nagy-kubik
778;780;47.6325070975452;20.6455362;Nagy-kubik
779;781;47.6324445975452;20.6425643;Nagy-kubik
780;782;47.6335695975452;20.6436758;Nagy-kubik
781;783;47.6335435975452;20.6466498;Nagy-kubik
782;784;47.6329717975452;20.6482582;Nagy-kubik
783;785;47.6340417975452;20.6485841;Nagy-kubik
784;786;47.6345160975452;20.6477944;Nagy-kubik
785;787;47.6344110975452;20.6449504;Nagy-kubik
786;788;47.6353719975452;20.6462495;Nagy-kubik
787;789;47.6362742975452;20.6476399;Nagy-kubik
788;790;47.6353242975452;20.649407;
789;791;47.6346157975452;20.6496645;Nagy-kubik
790;792;47.6352037975452;20.6508547;Nagy-kubik
791;793;47.6358474975452;20.6505681;
792;794;47.6365444975452;20.6491669;Nagy-kubik
793;795;47.6366369975452;20.6507891;Nagy-kubik
794;796;47.6363517975452;20.6517151;Nagy-kubik
795;797;47.6356779975452;20.6516958;Nagy-kubik
796;798;47.6362910975452;20.6525112;Nagy-kubik
797;799;47.6369734975452;20.6517216;Nagy-kubik
798;800;47.6369548975452;20.6530702;
799;801;47.5900539975452;20.6330363;Balázs-fok
800;802;47.5892898975452;20.6348044;Balázs-fok
801;803;47.5907138975452;20.6370017;Balázs-fok
802;804;47.5915416975452;20.6367699;
803;805;47.5918773975452;20.6343581;
804;806;47.5907254975452;20.6382076;Balázs-fok
805;807;47.5902016975452;20.6391315;Balázs-fok
806;808;47.5892605975452;20.6394116;
807;809;47.5894187975452;20.6412215;Balázs-fok
808;810;47.5909842975452;20.6407505;Balázs-fok
809;811;47.5917831975452;20.6377737;Szilvás
810;812;47.5924893975452;20.6378853;Szilvás
811;813;47.5926688975452;20.636615;Szilvás
812;814;47.5926919975452;20.6385548;Szilvás
813;815;47.5924024975452;20.6405703;Szilvás
814;816;47.5936342975452;20.6403449;
815;817;47.5937685975452;20.6384432;Szilvás
816;818;47.5944821975452;20.638847;
817;819;47.5944677975452;20.6416881;
818;820;47.5927273975452;20.642356;
819;821;47.5910515975452;20.6427722;
820;822;47.5891640975452;20.6436033;Kozma-fok
821;823;47.5890405975452;20.6458867;
822;824;47.5913862975452;20.6453457;
823;825;47.5932298975452;20.6446247;
824;826;47.5953012975452;20.6435936;
825;827;47.5961171975452;20.6414876;
826;828;47.5962861975452;20.6383868;
827;829;47.5954804975452;20.6400327;
828;830;47.5972631975452;20.6394663;
829;831;47.5979125975452;20.6377431;
830;832;47.5973788975452;20.643466;
831;833;47.5983744975452;20.640891;
832;834;47.5992553975452;20.6382238;
833;835;47.5991651975452;20.6422645;Ravasz-hát
834;836;47.6000620975452;20.639427;Poroszlói medence
835;837;47.6001985975452;20.6440386;Ravasz-hát
836;838;47.6011071975452;20.641042;Ravasz-hát
837;839;47.6019290975452;20.6445235;Ravasz-hát
838;840;47.6026928975452;20.6423466;Ravasz-hát
839;841;47.6037493975452;20.6428026;Ravaszhát
840;842;47.6031790975452;20.64693;Ravasz-hát
841;843;47.6032689975452;20.6482896;
842;844;47.6049701975452;20.6477868;
843;845;47.6018768975452;20.6472905;Ravasz-hát
844;846;47.6002100975452;20.6482346;Ravasz-hát
845;847;47.5987141975452;20.6454643;
846;848;47.5966672975452;20.6459281;
847;849;47.5942754975452;20.6466731;
848;850;47.5919572975452;20.6473769;
849;851;47.5887511975452;20.6477879;Kozma-fok
850;852;47.5886735975452;20.6507352;Fûzfás-morotva
851;853;47.5908091975452;20.6505836;Balázs-árok
852;854;47.5923483975452;20.6516264;Balázs-árok
853;855;47.5931856975452;20.6503733;
854;856;47.5954951975452;20.6495793;
855;857;47.5982865975452;20.6484535;
856;858;47.6002248975452;20.6491651;
857;859;47.5980593975452;20.6511529;Poroszlói-medence
858;860;47.5957532975452;20.6522945;Poroszlói-medence
859;861;47.5937723975452;20.6532612;Lapos-morotva
860;862;47.5917029975452;20.6546648;Fûzfás-morotva
861;863;47.5902417975452;20.6540724;Fûzfás-morotva
862;864;47.5880020975452;20.6537736;Fûzfás-morotva
863;865;47.5933316975452;20.6559077;Lapos-morotva
864;866;47.5961377975452;20.6546144;Lapos-morotva
865;867;47.5982909975452;20.6535219;Poroszlói-medence
866;868;47.6000185975452;20.6514061;Poroszlói-medence
867;869;47.6015964975452;20.6494398;
868;870;47.6014458975452;20.6515326;
869;871;47.6025889975452;20.6511521;
870;872;47.6024340975452;20.6537685;
871;873;47.6012779975452;20.6545667;
872;874;47.6000475975452;20.6545518;Poroszlói-medence
873;875;47.5982908975452;20.6561937;Lapos-morotva
874;876;47.5954548975452;20.6574469;Lapos-morotva
875;877;47.5973706975452;20.6592407;Lapos-morotva
876;878;47.5990895975452;20.6610089;Lapos-morotva
877;879;47.6000271975452;20.6580133;Lapos-morotva
878;880;47.6012230975452;20.6575321;
879;881;47.6024152975452;20.6558971;
880;882;47.6027407975452;20.6581265;
881;883;47.6021880975452;20.6601349;
882;884;47.6014393975452;20.6600389;Lapos-morotva
883;885;47.6022959975452;20.6624079;Lapos-morotva
884;886;47.6003918975452;20.6632318;Lapos-morotva
885;887;47.5990389975452;20.6642249;
886;888;47.5972910975452;20.6624311;
887;889;47.5959743975452;20.6607917;
888;890;47.5948407975452;20.659623;
889;891;47.5927670975452;20.6586927;
890;892;47.5911356975452;20.6581152;Fûzfás-morotva
891;893;47.5895906975452;20.6574862;Fûzfás-morotva
892;894;47.5874550975452;20.6569966;Fûzfás-morotva
893;895;47.5869858975452;20.6603412;Fûzfás-morotva
894;896;47.5892192975452;20.6608807;Fûzfás-morotva
895;897;47.5906927975452;20.6616256;Fûzfás-morotva
896;898;47.5923159975452;20.661942;
897;899;47.5942184975452;20.662494;
898;900;47.5862448975452;20.6642208;Fûzfás-morotva
899;901;47.5883856975452;20.6647946;Fûzfás-morotva
900;902;47.5901110975452;20.6655181;Fûzfás-morotva
901;903;47.5919454975452;20.6655812;
902;904;47.5938451975452;20.6658156;
903;905;47.5956906975452;20.6640061;
904;906;47.5976036975452;20.6655811;
905;907;47.5999505975452;20.6672213;
906;908;47.6014277975452;20.6666136;Lapos-morotva
907;909;47.6019254975452;20.6703043;Lapos-morotva
908;910;47.6005008975452;20.6707258;
909;911;47.5983994975452;20.6683199;
910;912;47.5970451975452;20.6693327;
911;913;47.5962260975452;20.6669029;
912;914;47.5950105975452;20.6680187;
913;915;47.5936049975452;20.6688283;
914;916;47.5917081975452;20.6686754;
915;917;47.5899008975452;20.6686639;
916;918;47.5878299975452;20.6684596;Szolgabíró-tava
917;919;47.5854574975452;20.6672763;Fûzfás-morotva
918;920;47.5841340975452;20.671344;Óhalászi temetõ bejárat
919;921;47.5869684975452;20.6722288;Szolgabíró-tava
920;922;47.5855501975452;20.6753444;Szolgabíró-tava
921;923;47.5835630975452;20.674788;Tökös-lapos bejárat
922;924;47.5808210975452;20.677949;Tökös-lapos bejárat
923;925;47.5798585975452;20.6805881;Tökös-lapos bejárat
924;926;47.5796512975452;20.6820955;Tökös-lapos
925;927;47.5777811975452;20.681838;Tökös-lapos
926;928;47.5763104975452;20.6806879;Tökös-lapos
927;929;47.5760324975452;20.683589;Tökös-lapos
928;930;47.5739363975452;20.6837778;Tökös-lapos
929;931;47.5740521975452;20.6877604;Tökös-lapos
930;932;47.5744806975452;20.6914167;Tökös-lapos
931;933;47.5767736975452;20.6924639;Tökös-lapos
932;934;47.5776421975452;20.6906271;Tökös-lapos
933;935;47.5755924975452;20.6893053;Tökös-lapos
934;936;47.5752797975452;20.6863527;Tökös-lapos
935;937;47.5769820975452;20.6874857;Tökös-lapos
936;938;47.5772484975452;20.6855288;Tökös-lapos
937;939;47.5872070975452;20.677152;Óhalászi Holt-Tisza
938;940;47.5863020975452;20.6783;Óhalászi Holt-Tisza
939;941;47.5867648975452;20.6787762;Óhalászi Holt-Tisza
940;942;47.5880847975452;20.6795744;Óhalászi Holt-Tisza
941;943;47.5891034975452;20.6811536;Óhalászi Holt-Tisza
942;944;47.5900990975452;20.6833337;Óhalászi Holt-Tisza
943;945;47.5910860975452;20.6861318;Óhalászi Holt-Tisza
944;946;47.5921135975452;20.6891959;Óhalászi Holt-Tisza
945;947;47.5858528975452;20.6789757;Óhalászi Holt-Tisza
946;948;47.5842434975452;20.6800894;Óhalászi Holt-Tisza
947;949;47.5832404975452;20.6814563;Óhalászi Holt-Tisza
948;950;47.5823485975452;20.6830721;Óhalászi Holt-Tisza
949;951;47.5815799975452;20.685456;Óhalászi Holt-Tisza
950;952;47.5810567975452;20.6890256;Óhalászi Holt-Tisza
951;953;47.5810915975452;20.6922872;Óhalászi Holt-Tisza
952;954;47.5815697975452;20.6960071;Óhalászi Holt-Tisza
953;955;47.5885405975452;20.6742074;Szolgabíró-tava
954;956;47.5889699975452;20.6716846;Szolgabíró-tava
955;957;47.5908050975452;20.674045;Szolgabíró-tava
956;958;47.5901961975452;20.6760442;Szolgabíró-tava
957;959;47.5887924975452;20.6777823;Szolgabíró-tava
958;960;47.5917387975452;20.6714447;Szolgabíró-tava
959;961;47.5934428975452;20.6714933;
960;962;47.5934605975452;20.6739045;Szolgabíró-tava
961;963;47.5922044975452;20.6760373;Szolgabíró-tava
962;964;47.5916085975452;20.6780526;Szolgabíró-tava
963;965;47.5901846975452;20.679589;Szolgabíró-tava
964;966;47.5915218975452;20.6815546;Szolgabíró-tava
965;967;47.5930962975452;20.6797821;Szolgabíró-tava
966;968;47.5938165975452;20.6778483;Szolgabíró-tava
967;969;47.5931802975452;20.6824729;Szolgabíró-tava
968;970;47.5938111975452;20.6849448;Szolgabíró-tava
969;971;47.5941252975452;20.6822159;Szolgabíró-tava
970;972;47.5948414975452;20.6845286;Szolgabíró-tava
971;973;47.5950556975452;20.6819708;Szolgabíró-tava
972;974;47.5952263975452;20.6796878;Szolgabíró-tava
973;975;47.5949220975452;20.6760932;Szolgabíró-tava
974;976;47.5947969975452;20.6732406;
975;977;47.5953665975452;20.670397;
976;978;47.5958879975452;20.6725669;
977;979;47.5959508975452;20.6756395;
978;980;47.5960166975452;20.6781563;VI. öblítõcsatorna
979;981;47.5968369975452;20.678207;
980;982;47.5969411975452;20.6807304;
981;983;47.5975662975452;20.6823956;
982;984;47.5977861975452;20.6847645;
983;985;47.5987122975452;20.6822067;
984;986;47.5983649975452;20.6794601;
985;987;47.5981250975452;20.6776737;
986;988;47.5978724975452;20.6750387;
987;989;47.5975722975452;20.6719489;
988;990;47.5991147975452;20.6712107;
989;991;47.5995855975452;20.674558;
990;992;47.5996501975452;20.6771887;
991;993;47.5993575975452;20.6802455;
992;994;47.6002909975452;20.6810516;
993;995;47.6010019975452;20.6789526;
994;996;47.6012127975452;20.676721;
995;997;47.6010556975452;20.6739744;
996;998;47.6026373975452;20.6739349;Lapos-morotva
997;999;47.6030771975452;20.6774025;Lapos-morotva
998;1000;47.6026840975452;20.6799873;
999;1001;47.6021284975452;20.6816181;
1000;1002;47.6012256975452;20.6833347;
1001;1003;47.5993967975452;20.683442;
1002;1004;47.5988990975452;20.6860469;
1003;1005;47.6000854975452;20.6852187;
1004;1006;47.6010730975452;20.686563;VI. öblítõcsatorna mellékág
1005;1007;47.6007957975452;20.6894784;
1006;1008;47.6024278975452;20.6885171;
1007;1009;47.6033074975452;20.6864057;
1008;1010;47.6023739975452;20.6848197;
1009;1011;47.6033808975452;20.6831031;
1010;1012;47.6041100975452;20.6809402;
1011;1013;47.6044807975452;20.6793144;Szilas-fok
1012;1014;47.6046223975452;20.6764154;Lapos-morotva
1013;1015;47.6042635975452;20.6735658;Lapos-morotva
1014;1016;47.6037889975452;20.6696863;Lapos-morotva
1015;1017;47.6031408975452;20.6653948;Lapos-morotva
1016;1018;47.6034507975452;20.6603383;Rebence
1017;1019;47.6032413975452;20.6556739;Rebence
1018;1020;47.6036219975452;20.6532678;
1019;1021;47.5962756975452;20.6829524;VI. öblítõcsatorna
1020;1022;47.5965137975452;20.6864736;VI. öblítõcsatorna
1021;1023;47.5978325975452;20.689514;VI. öblítõcsatorna, elágazás
1022;1024;47.5990522975452;20.6923433;VI. öblítõcsatorna
1023;1025;47.6002183975452;20.6952774;VI. öblítõ zsilip
1024;1026;47.6004398975452;20.695858;VI. öblítõcsatorna
1025;1027;47.6062279975452;20.6747778;Rebence
1026;1028;47.6060693975452;20.6724005;Rebence
1027;1029;47.6053691975452;20.6689716;Rebence
1028;1030;47.6046920975452;20.6652552;Rebence
1029;1031;47.6043650975452;20.6624111;Rebence
1030;1032;47.6043911975452;20.6585916;Rebence
1031;1033;47.6047036975452;20.6559266;Rebence
1032;1034;47.6050502975452;20.6528779;Rebence
1033;1035;47.6065896975452;20.6512796;Rebence
1034;1036;47.6070789975452;20.6536459;Rebence
1035;1037;47.6072496975452;20.6555557;Rebence
1036;1038;47.6075969975452;20.6587185;Rebence
1037;1039;47.6078746975452;20.6618985;Rebence
1038;1040;47.6082913975452;20.6650142;Rebence
1039;1041;47.6088965975452;20.6682581;Rebence
1040;1042;47.6094752975452;20.6711076;Rebence
1041;1043;47.6101087975452;20.6742742;Rebence
1042;1044;47.6120860975452;20.673937;Rebence
1043;1045;47.6112487975452;20.6707616;Rebence
1044;1046;47.6106700975452;20.6677361;Rebence
1045;1047;47.6101145975452;20.6646462;Rebence
1046;1048;47.6095503975452;20.6614576;Rebence
1047;1049;47.6091627975452;20.6583119;Rebence
1048;1050;47.6088369975452;20.655282;Rebence
1049;1051;47.6084318975452;20.6527715;Rebence
1050;1052;47.6080826975452;20.6501295;Rebence
1051;1053;47.6090952975452;20.6489965;Rebence
1052;1054;47.6079784975452;20.6474;Rebence
1053;1055;47.6067062975452;20.6479069;
1054;1056;47.6094453975452;20.6462371;Rebence
1055;1057;47.6097743975452;20.6518867;Rebence
1056;1058;47.6102314975452;20.6546719;Rebence
1057;1059;47.6106018975452;20.6577017;Rebence
1058;1060;47.6112036975452;20.6608774;Rebence
1059;1061;47.6118516975452;20.6640875;Rebence
1060;1062;47.6124418975452;20.6671259;Rebence
1061;1063;47.6130031975452;20.6704047;Rebence
1062;1064;47.6147445975452;20.6732653;Rebence
1063;1065;47.6144175975452;20.6699483;Rebence
1064;1066;47.6139199975452;20.6668111;Rebence
1065;1067;47.6132256975452;20.6635324;Rebence
1066;1068;47.6126494975452;20.660222;Rebence
1067;1069;47.6120014975452;20.6569776;Rebence
1068;1070;47.6113764975452;20.653922;Rebence
1069;1071;47.6107255975452;20.6506347;Rebence
1070;1072;47.6100991975452;20.6478421;Rebence
1071;1073;47.6119871975452;20.6478786;Rebence
1072;1074;47.6124041975452;20.650189;Rebence
1073;1075;47.6128409975452;20.6532064;Rebence
1074;1076;47.6135237975452;20.656365;Rebence
1075;1077;47.6141139975452;20.6595579;Rebence
1076;1078;47.6148545975452;20.662871;Rebence
1077;1079;47.6155314975452;20.6664329;Rebence
1078;1080;47.6159827975452;20.6694284;Rebence
1079;1081;47.6165470975452;20.672497;Rebence
1080;1082;47.6181351975452;20.6716477;Rebence
1081;1083;47.6176982975452;20.6689888;Rebence
1082;1084;47.6171775975452;20.666032;Rebence
1083;1085;47.6166105975452;20.6625987;Rebence
1084;1086;47.6157773975452;20.6593286;Rebence
1085;1087;47.6152625975452;20.6562688;Rebence
1086;1088;47.6146723975452;20.6531274;Rebence
1087;1089;47.6140850975452;20.6501705;Rebence
1088;1090;47.6137205975452;20.6477422;Rebence
1089;1091;47.6126314975452;20.6470829;Rebence
1090;1092;47.6160134975452;20.6487438;Rebence
1091;1093;47.6165236975452;20.6518265;Rebence
1092;1094;47.6168621975452;20.6544187;Rebence
1093;1095;47.6173827975452;20.6569764;Rebence
1094;1096;47.6177682975452;20.6592536;Rebence
1095;1097;47.6184526975452;20.6623804;Rebence
1096;1098;47.6187382975452;20.6656354;
1097;1099;47.6195134975452;20.6683477;Rebence
1098;1100;47.6201716975452;20.6705834;Rebence
1099;1101;47.6213733975452;20.6687031;Rebence
1100;1102;47.6207978975452;20.6670945;Rebence
1101;1103;47.6204333975452;20.6649187;Rebence
1102;1104;47.6199973975452;20.661771;Rebence
1103;1105;47.6196627975452;20.6591901;Rebence
1104;1106;47.6193526975452;20.6568339;Rebence
1105;1107;47.6187724975452;20.6545036;Rebence
1106;1108;47.6183327975452;20.6518257;Rebence
1107;1109;47.6180384975452;20.6487009;Rebence
1108;1110;47.6193575975452;20.6501085;Rebence
1109;1111;47.6194840975452;20.6518643;Rebence
1110;1112;47.6196113975452;20.6543019;Rebence
1111;1113;47.6206303975452;20.6502801;Rebence
1112;1114;47.6208609975452;20.6516301;Rebence
1113;1115;47.6210808975452;20.6540334;Rebence
1114;1116;47.6213469975452;20.6566083;Rebence
1115;1117;47.6214981975452;20.6592065;Rebence
1116;1118;47.6216511975452;20.6617559;Rebence
1117;1119;47.6219519975452;20.6639531;Rebence
1118;1120;47.6221255975452;20.6660474;Rebence
1119;1121;47.6226288975452;20.6673692;Rebence
1120;1122;47.6231957975452;20.6647771;Rebence
1121;1123;47.6236585975452;20.6624768;Rebence
1122;1124;47.6226001975452;20.6586573;Rebence
1123;1125;47.6225972975452;20.6562883;Rebence
1124;1126;47.6222964975452;20.653782;Rebence
1125;1127;47.6220060975452;20.651168;Rebence
1126;1128;47.6234960975452;20.650181;Rebence, lagúna
1127;1129;47.6161744975452;20.646315;Rebence
1128;1130;47.6158504975452;20.6439117;Rebence
1129;1131;47.6159663975452;20.6419375;Rebence
1130;1132;47.6160442975452;20.6404227;Rebence
1131;1133;47.6159866975452;20.6388798;
1132;1134;47.6172158975452;20.6419891;Rebence
1133;1135;47.6146093975452;20.6387061;Rebence
1134;1136;47.6146488975452;20.6411193;Rebence
1135;1137;47.6144925975452;20.6440686;Rebence
1136;1138;47.6149323975452;20.6463068;Rebence
1137;1139;47.6137635975452;20.6461866;Rebence
1138;1140;47.6136310975452;20.6439393;Rebence
1139;1141;47.6133996975452;20.641536;Rebence
1140;1142;47.6131049975452;20.6394957;Rebence
1141;1143;47.6118088975452;20.639942;Rebence
1142;1144;47.6121266975452;20.642008;Rebence
1143;1145;47.6122858975452;20.644171;Rebence
1144;1146;47.6121946975452;20.6462246;Rebence
1145;1147;47.6105570975452;20.646422;Rebence
1146;1148;47.6106522975452;20.6443985;Rebence
1147;1149;47.6106059975452;20.6421969;Rebence
1148;1150;47.6103246975452;20.640045;Rebence
1149;1151;47.6089440975452;20.639991;Rebence
1150;1152;47.6092010975452;20.6421747;Rebence
1151;1153;47.6092994975452;20.6444493;Rebence
1152;1156;47.6089016975452;20.6453178;Rebence
1153;1157;47.6082434975452;20.6437025;Rebence
1154;1158;47.6078543975452;20.6448715;Rebence
1155;1159;47.6081218975452;20.6419344;Rebence
1156;1160;47.6076307975452;20.6400798;Rebence
1157;1161;47.6068487975452;20.6402058;Rebence
1158;1162;47.6071797975452;20.6412294;Rebence
1159;1163;47.6070757975452;20.6425287;Rebence
1160;1164;47.6070873975452;20.6436509;Rebence
1161;1165;47.6068719975452;20.644587;Rebence
1162;1166;47.6061153975452;20.6443853;Rebence
1163;1167;47.6064710975452;20.6429214;Rebence
1164;1168;47.6063948975452;20.6416253;Rebence
1165;1169;47.6058769975452;20.6417025;Rebence
1166;1170;47.6057280975452;20.641453;
1167;1171;47.6058143975452;20.643321;Rebence
1168;1172;47.6055847975452;20.642446;Rebence
1169;1173;47.6053167975452;20.6441643;Rebence
1170;1174;47.6049984975452;20.6431858;Rebence
1171;1175;47.6049387975452;20.6426316;Rebence
1172;1176;47.6043965975452;20.6427652;Rebence
1173;1177;47.6051810975452;20.6803101;Szilas-fok
1174;1178;47.6052373975452;20.6824517;Borzanat
1175;1179;47.6057755975452;20.6844945;Borzanat
1176;1180;47.6069560975452;20.6870694;Borzanat
1177;1181;47.6082291975452;20.6903653;Borzanat
1178;1182;47.6100114975452;20.6935926;Borzanat
1179;1183;47.6125111975452;20.6958585;Borzanat
1180;1184;47.6122490975452;20.69802;Borzanat
1181;1185;47.6116050975452;20.702;Borzanat
1182;1186;47.6129000975452;20.69964;Borzanat
1183;1187;47.6141440975452;20.700005;Borzanat
1184;1188;47.6151727975452;20.6971631;Borzanat
1185;1189;47.6173791975452;20.6985439;Borzanat
1186;1190;47.6180330975452;20.700518;Borzanat
1187;1191;47.6166950975452;20.702031;Borzanat
1188;1192;47.6143080975452;20.702889;Borzanat
1189;1193;47.6120220975452;20.703844;Borzanat
1190;1194;47.6096860975452;20.705153;Borzanat
1191;1195;47.6072100975452;20.6835093;Fordító
1192;1196;47.6084541975452;20.6859211;Fordító
1193;1197;47.6101495975452;20.6881699;Fordító
1194;1198;47.6118566975452;20.6903499;Fordító
1195;1199;47.6144487975452;20.691852;Fordító
1196;1200;47.6169136975452;20.6944097;Fordító
1197;1201;47.6172491975452;20.691131;Fordító
1198;1202;47.6075594975452;20.6812371;Csapói-Holt Tisza
1199;1203;47.6092954975452;20.6833313;Csapói-Holt Tisza
1200;1204;47.6111933975452;20.6854943;Csapói-Holt Tisza
1201;1205;47.6132292975452;20.6866918;Csapói-Holt Tisza
1202;1206;47.6157982975452;20.6877904;Csapói-Holt Tisza
1203;1207;47.6182687975452;20.6875844;Csapói-Holt Tisza, Agyagos-fok
1204;1208;47.6075160975452;20.677863;Ördög-árok
1205;1209;47.6101527975452;20.6809562;Ördög-árok
1206;1210;47.6104484975452;20.677055;Ördög-árok
1207;1211;47.6124400975452;20.676202;Ördög-árok
1208;1212;47.6127029975452;20.6795486;Ördög-árok
1209;1213;47.6124441975452;20.6832908;Ördög-árok
1210;1214;47.6144250975452;20.684949;Ördög-árok
1211;1215;47.6150636975452;20.6820892;Ördög-árok
1212;1216;47.6156190975452;20.67845;Ördög-árok
1213;1217;47.6150773975452;20.6752011;Ördög-árok
1214;1218;47.6166230975452;20.674074;Ördög-árok
1215;1219;47.6181420975452;20.673259;Ördög-árok
1216;1220;47.6177945975452;20.6767334;Ördög-árok
1217;1221;47.6171928975452;20.6810249;Ördög-árok
1218;1222;47.6161900975452;20.685443;Ördög-árok
1219;1223;47.6179400975452;20.684027;Ördög-árok
1220;1224;47.6190620975452;20.680392;Ördög-árok
1221;1225;47.6193010975452;20.676948;Ördög-árok
1222;1226;47.6199810975452;20.674899;Ördög-árok
1223;1227;47.6203620975452;20.67225;Ördög-árok
1224;1228;47.6198308975452;20.6847091;Csapói-Holt Tisza
1225;1229;47.6206292975452;20.6811063;Csapói-Holt Tisza
1226;1230;47.6211094975452;20.6769521;Csapói-Holt Tisza
1227;1231;47.6217110975452;20.6735361;Csapói-Holt Tisza
1228;1232;47.6224386975452;20.6708108;Csapói-Holt Tisza
1229;1233;47.6236130975452;20.6680471;Csapói-Holt Tisza
1230;1234;47.6249521975452;20.6655623;Csapói-Holt Tisza
1231;1235;47.6265719975452;20.6635882;Csapói-Holt Tisza
1232;1236;47.6278792975452;20.6622664;Csapói-Holt Tisza
1233;1237;47.6270314975452;20.6608338;Csapói-Holt Tisza bejárat
1234;1238;47.6281020975452;20.663885;
1235;1239;47.6270907975452;20.6669731;
1236;1240;47.6254019975452;20.6701603;
1237;1241;47.6245110975452;20.6728382;Csapói-Holt-Tisza
1238;1242;47.6236838975452;20.6754818;Csapói-Holt-Tisza
1239;1243;47.6230419975452;20.6790377;Csapói-Holt-Tisza
1240;1244;47.6229494975452;20.6825739;Csapói-Holt-Tisza
1241;1245;47.6222320975452;20.6857668;Csapói-Holt-Tisza
1242;1246;47.6207510975452;20.689303;Csapói-Holt-Tisza
1243;1247;47.6199237975452;20.6924874;Csapói-Holt-Tisza
1244;1248;47.6191543975452;20.6959807;Csapói-Holt-Tisza
1245;1249;47.6191774975452;20.6993023;
1246;1250;47.6195040975452;20.7025707;
1247;1251;47.6211933975452;20.7033947;
1248;1252;47.6207163975452;20.7002379;
1249;1253;47.6213758975452;20.6972424;
1250;1254;47.6221223975452;20.6937671;Rókás
1251;1255;47.6229206975452;20.6903682;Rókás
1252;1256;47.6243958975452;20.6862826;Rókás
1253;1257;47.6243146975452;20.6801363;
1254;1258;47.6257027975452;20.6761255;
1255;1259;47.6273976975452;20.6722632;
1256;1260;47.6285310975452;20.6693592;
1257;1261;47.6304660975452;20.667157;Rókás
1258;1262;47.6302374975452;20.6717453;Rókás
1259;1263;47.6289417975452;20.6740627;Rókás
1260;1264;47.6272989975452;20.6777362;Rókás
1261;1265;47.6261775975452;20.6814418;Rókás
1262;1266;47.6323300975452;20.672117;Rókás
1263;1267;47.6304330975452;20.676073;Rókás
1264;1268;47.6287562975452;20.6805999;Rókás
1265;1269;47.6273390975452;20.6843936;Rókás
1266;1270;47.6259507975452;20.6879298;Rókás
1267;1271;47.6245681975452;20.6917664;Rókás
1268;1272;47.6239470975452;20.6946743;Rókás
1269;1273;47.6232760975452;20.6961849;
1270;1274;47.6233223975452;20.6987255;
1271;1275;47.6227669975452;20.7019871;
1272;1276;47.6252402975452;20.6964527;
1273;1277;47.6261280975452;20.69361;Rókás
1274;1278;47.6270810975452;20.690404;Rókás
1275;1279;47.6286880975452;20.686929;Rókás
1276;1280;47.6306560975452;20.684148;Rókás
1277;1281;47.6306940975452;20.6797244;Rókás
1278;1282;47.6331580975452;20.67935;Rókás
1279;1283;47.6324930975452;20.690082;Hód
1280;1284;47.6324067975452;20.6908177;Hód
1281;1285;47.6315507975452;20.692603;Hód
1282;1286;47.6325456975452;20.6932897;Hód
1283;1287;47.6320828975452;20.6958646;Hód
1284;1288;47.6314119975452;20.6967229;Hód
1285;1289;47.6306715975452;20.6953839;Hód
1286;1290;47.6301394975452;20.6972379;Hód
1287;1291;47.6296840975452;20.6986302;Hód
1288;1292;47.6284272975452;20.6992807;Partos-fenék
1289;1293;47.6264836975452;20.7001905;Partos-fenék
1290;1294;47.6250027975452;20.703658;Partos-fenék
1291;1295;47.6276174975452;20.7026967;Gaznyilas
1292;1296;47.6289594975452;20.7013921;Gaznyilas
1293;1297;47.6306484975452;20.6998471;Gaznyilas
1294;1298;47.6316664975452;20.6985082;Gaznyilas
1295;1299;47.6323836975452;20.6971692;Gaznyilas
1296;1300;47.6331471975452;20.694457;Gaznyilas
1297;1301;47.6332859975452;20.6919507;Gaznyilas
1298;1302;47.6333784975452;20.6892041;Gaznyilas
1299;1303;47.6331290975452;20.689642;Gaznyilas
1300;1304;47.6301030975452;20.707459;Duhogó
1301;1305;47.6308480975452;20.703554;Duhogó
1302;1306;47.6320410975452;20.701398;Duhogó
1303;1307;47.6334560975452;20.699133;Duhogó
1304;1308;47.6357590975452;20.697912;Duhogó bejárat
1305;1309;47.6364520975452;20.696842;
1306;1310;47.6365830975452;20.699103;
1307;1311;47.6380653975452;20.6981505;Gólyaorr-kubikok
1308;1312;47.6393323975452;20.698372;Gólyaorr-kubikok
1309;1313;47.6388021975452;20.6975901;Gólyaorr-kubikok
1310;1314;47.6382932975452;20.696706;Gólyaorr-kubikok
1311;1315;47.6391820975452;20.6968185;Gólyaorr-kubikok
1312;1316;47.6384850975452;20.695855;Gólyaorr-kubikok
1313;1317;47.6390130975452;20.6955;Gólyaorr-kubikok
1314;1318;47.6385070975452;20.695329;Gólyaorr-kubikok
1315;1319;47.6382852975452;20.6946283;Gólyaorr-kubikok
1316;1320;47.6390833975452;20.6941734;Gólyaorr-kubikok
1317;1321;47.6389480975452;20.693023;Gólyaorr-kubikok
1318;1322;47.6392590975452;20.69106;Gólyaorr-kubikok
1319;1323;47.6394610975452;20.693339;Gólyaorr-kubikok
1320;1324;47.6393577975452;20.6942725;Gólyaorr-kubikok
1321;1325;47.6400329975452;20.6936759;Gólyaorr-kubikok
1322;1326;47.6407385975452;20.6934528;Gólyaorr-kubikok
1323;1327;47.6394540975452;20.695554;Gólyaorr-kubikok
1324;1328;47.6398439975452;20.6962193;Gólyaorr-kubikok
1325;1329;47.6403304975452;20.6961968;Gólyaorr-kubikok
1326;1330;47.6398440975452;20.697021;Gólyaorr-kubikok
1327;1331;47.6399230975452;20.697321;Gólyaorr-kubikok
1328;1332;47.6397500975452;20.6980432;Gólyaorr-kubikok
1329;1333;47.6400941975452;20.6978372;Gólyaorr-kubikok
1330;1334;47.6402920975452;20.697241;Gólyaorr-kubikok
1331;1335;47.6406540975452;20.696964;Gólyaorr-kubikok
1332;1336;47.6412465975452;20.6971015;Gólyaorr-kubikok
1333;1337;47.6417786975452;20.6968644;Gólyaorr-kubikok
1334;1338;47.6412180975452;20.696638;Gólyaorr-kubikok
1335;1339;47.6411850975452;20.696316;Gólyaorr-kubikok
1336;1340;47.6407288975452;20.6958818;Gólyaorr-kubikok
1337;1341;47.6411813975452;20.6952906;Gólyaorr-kubikok
1338;1342;47.6370940975452;20.6561869;Eger-vize
1339;1343;47.6375822975452;20.6578244;Eger-vize
1340;1344;47.6381610975452;20.657894;Eger-vize
1341;1345;47.6393216975452;20.6577332;Eger-vize
1342;1346;47.6399361975452;20.6587975;Eger-vize
1343;1347;47.6398320975452;20.6602094;Eger-vize
1344;1348;47.6407052975452;20.6611493;Eger-vize
1345;1349;47.6412680975452;20.662007;Eger-vize
1346;1350;47.6420990975452;20.66279;Eger-vize
1347;1351;47.6427350975452;20.663734;Eger-vize
1348;1352;47.6427710975452;20.665183;Eger-vize
1349;1353;47.6436890975452;20.6675;Eger-vize
1350;1354;47.6442230975452;20.669066;Eger-vize
1351;1355;47.6449530975452;20.670493;Eger-vize
1352;1356;47.6374280975452;20.655961;Botos-kubik
1353;1357;47.6383476975452;20.6562329;Botos-kubik
1354;1358;47.6382120975452;20.657565;Botos-kubik
1355;1359;47.6386710975452;20.6545676;Botos-kubik
1356;1360;47.6387208975452;20.6538524;
1357;1361;47.6384773975452;20.6535165;
1358;1362;47.6377543975452;20.6533706;
1359;1363;47.6393248975452;20.6538256;
1360;1364;47.6395170975452;20.65342;Csicsman kikötõ
1361;1365;47.6401794975452;20.6549488;
1362;1366;47.6407519975452;20.6562706;
1363;1367;47.6409524975452;20.6558619;Delfin kikötõ
1364;1368;47.6405437975452;20.6573993;
1365;1369;47.6414806975452;20.6578499;
1366;1370;47.6414459975452;20.6591974;
1367;1371;47.6408990975452;20.66088;
1368;1372;47.6421687975452;20.6597017;
1369;1373;47.6417104975452;20.6615106;
1370;1374;47.6428583975452;20.6582619;Poroszló Szabadstrand
1371;1375;47.6429986975452;20.6614934;
1372;1376;47.6424622975452;20.662326;
1373;1377;47.6429450975452;20.663541;
1374;1378;47.6435017975452;20.6627809;
1375;1379;47.6442043975452;20.6641392;
1376;1380;47.6446496975452;20.663401;Ökocentrum kikötõ
1377;1381;47.6434800975452;20.6648464;
1378;1382;47.6442129975452;20.6668098;
1379;1383;47.6447812975452;20.6659583;
1380;1384;47.6454563975452;20.6677114;
1381;1385;47.6448159975452;20.6682328;
1382;1386;47.6454679975452;20.6697563;
1383;1387;47.6459927975452;20.6691362;
1384;1388;47.6468435975452;20.6708457;Kõhíd-lapos
1385;1389;47.6463809975452;20.6715066;Kõhíd-lapos
1386;1390;47.6456009975452;20.6724636;Kõhíd-lapos
1387;1391;47.6463700975452;20.6745407;Kõhíd-lapos
1388;1392;47.6471211975452;20.6732747;Kõhíd-lapos
1389;1393;47.6477427975452;20.6726781;Kõhíd-lapos
1390;1394;47.6488578975452;20.6726889;Fûzfa kikötõ
1391;1395;47.6484906975452;20.6740364;Kõhíd-lapos
1392;1396;47.6480150975452;20.6752037;Kõhíd-lapos
1393;1397;47.6474426975452;20.6764976;Kõhíd-lapos
1394;1398;47.6495444975452;20.6753325;Kõhíd-lapos
1395;1399;47.6490414975452;20.6766715;Kõhíd-lapos
1396;1400;47.6485354975452;20.6784138;Kõhíd-lapos
1397;1401;47.6440060975452;20.669753;
1398;1402;47.6432330975452;20.667736;
1399;1403;47.6423080975452;20.665451;
1400;1404;47.6423333975452;20.6648379;
1401;1405;47.6414080975452;20.6633788;
1402;1406;47.6406042975452;20.6644474;
1403;1407;47.6413271975452;20.6664385;
1404;1408;47.6421512975452;20.6686959;
1405;1409;47.6429261975452;20.6705026;
1406;1410;47.6437918975452;20.6719794;
1407;1411;47.6426300975452;20.673458;Kõhíd-lapos
1408;1412;47.6418910975452;20.674416;
1409;1413;47.6396620975452;20.676971;
1410;1414;47.6424560975452;20.672732;
1411;1415;47.6415238975452;20.6713137;
1412;1416;47.6405638975452;20.6693053;
1413;1417;47.6395574975452;20.6668121;
1414;1418;47.6385743975452;20.6695243;
1415;1419;47.6399190975452;20.6721806;
1416;1420;47.6415380975452;20.673698;
1417;1421;47.6402870975452;20.6749;
1418;1422;47.6394200975452;20.67578;
1419;1423;47.6388904975452;20.6740987;
1420;1424;47.6384586975452;20.6721336;
1421;1425;47.6432490975452;20.674492;Kõhíd-lapos
1422;1426;47.6428104975452;20.6756176;Kõhíd-lapos
1423;1427;47.6448144975452;20.6739056;Kõhíd-lapos
1424;1428;47.6441494975452;20.6753132;Kõhíd-lapos
1425;1429;47.6434686975452;20.676705;Kõhíd-lapos
1426;1430;47.6430406975452;20.6783272;Kõhíd-lapos
1427;1431;47.6428671975452;20.6802241;Kõhíd-lapos
1428;1432;47.6425086975452;20.682593;Kõhíd-lapos
1429;1433;47.6421593975452;20.6849289;Kõhíd-lapos
1430;1434;47.6411386975452;20.6866412;Kõhíd-lapos
1431;1435;47.6418123975452;20.6886025;Kõhíd-lapos
1432;1436;47.6430793975452;20.6862098;Kõhíd-lapos
1433;1437;47.6438310975452;20.6836262;Kõhíd-lapos
1434;1438;47.6441722975452;20.6811629;Kõhíd-lapos
1435;1439;47.6447215975452;20.6786738;Kõhíd-lapos
1436;1440;47.6454201975452;20.6764784;Kõhíd-lapos
1437;1441;47.6470436975452;20.6780769;Kõhíd-lapos
1438;1442;47.6466067975452;20.679824;Kõhíd-lapos
1439;1443;47.6457798975452;20.6819011;Kõhíd-lapos
1440;1444;47.6452159975452;20.6846562;Kõhíd-lapos
1441;1445;47.6440479975452;20.6874886;Kõhíd-lapos
1442;1446;47.6433621975452;20.6897355;Kõhíd-lapos
1443;1447;47.6447037975452;20.6901131;Kõhíd-lapos
1444;1448;47.6450390975452;20.688529;Kõhíd-lapos
1445;1449;47.6457128975452;20.6876411;Kõhíd-lapos
1446;1450;47.6465772975452;20.6849804;Kõhíd-lapos
1447;1451;47.6473058975452;20.6823197;Kõhíd-lapos
1448;1452;47.6480807975452;20.6801224;Kõhíd-lapos
1449;1453;47.6507594975452;20.6745969;Nagy-rét
1450;1454;47.6501105975452;20.6756219;Nagy-rét
1451;1455;47.6496551975452;20.6770809;Nagy-rét
1452;1456;47.6492185975452;20.6786323;Nagy-rét
1453;1457;47.6486619975452;20.6805034;Nagy-rét
1454;1458;47.6480447975452;20.6827328;
1455;1459;47.6472467975452;20.6852734;
1456;1460;47.6465181975452;20.687917;
1457;1461;47.6463800975452;20.689407;
1458;1462;47.6461943975452;20.6907323;
1459;1463;47.6473076975452;20.7020192;
1460;1464;47.6475736975452;20.698968;
1461;1465;47.6483680975452;20.6964519;
1462;1466;47.6487901975452;20.693671;
1463;1467;47.6486489975452;20.690788;
1464;1468;47.6489343975452;20.6887018;Nagy-rét
1465;1469;47.6493159975452;20.6863157;Nagy-rét
1466;1470;47.6499057975452;20.6838953;Nagy-rét
1467;1471;47.6503191975452;20.6818311;Nagy-rét
1468;1472;47.6507961975452;20.6798612;Nagy-rét
1469;1473;47.6512125975452;20.6782733;Nagy-rét
1470;1474;47.6516765975452;20.6765525;Nagy-rét
1471;1475;47.6532447975452;20.6774365;Nagy-rét
1472;1476;47.6529036975452;20.6793248;Nagy-rét
1473;1477;47.6525683975452;20.6810242;Nagy-rét
1474;1478;47.6522095975452;20.6827409;Nagy-rét
1475;1479;47.6517932975452;20.6847321;Nagy-rét
1476;1480;47.6512382975452;20.6872212;Nagy-rét
1477;1481;47.6508912975452;20.6891782;Nagy-rét
1478;1482;47.6503911975452;20.691354;Nagy-rét
1479;1483;47.6501110975452;20.6937826;
1480;1484;47.6496543975452;20.6973703;
1481;1485;47.6488457975452;20.7013884;
1482;1486;47.6488341975452;20.7046414;
1483;1487;47.6482443975452;20.7072978;
1484;1488;47.6499096975452;20.7075854;Ráboly
1485;1489;47.6504184975452;20.7051993;Ráboly
1486;1490;47.6508406975452;20.7020252;
1487;1491;47.6513291975452;20.6983645;
1488;1492;47.6518235975452;20.6949613;
1489;1493;47.6521869975452;20.6924183;Dühös-lapos
1490;1494;47.6525801975452;20.6902553;Dühös-lapos
1491;1495;47.6530716975452;20.6878907;Dühös-lapos
1492;1496;47.6535861975452;20.6855861;Dühös-lapos
1493;1497;47.6539128975452;20.6837065;Dühös-lapos
1494;1498;47.6542076975452;20.6818825;Dühös-lapos
1495;1499;47.6546846975452;20.6803333;
1496;1500;47.6548812975452;20.6788527;
1497;1501;47.6564603975452;20.6812399;
1498;1502;47.6560556975452;20.6828964;Dühös-lapos
1499;1503;47.6557050975452;20.684797;Dühös-lapos
1500;1504;47.6553292975452;20.686784;Dühös-lapos
1501;1505;47.6550574975452;20.6889212;Dühös-lapos
1502;1506;47.6546557975452;20.6912901;Dühös-lapos
1503;1507;47.6542452975452;20.6938127;Dühös-lapos
1504;1508;47.6537566975452;20.6964391;
1505;1509;47.6533635975452;20.699426;
1506;1510;47.6527622975452;20.7026533;
1507;1511;47.6522418975452;20.7057775;
1508;1512;47.6516645975452;20.7079972;
1509;1513;47.6511905975452;20.7101634;Ráboly
1510;1514;47.6530927975452;20.7100904;Ráboly
1511;1515;47.6541218975452;20.7125967;Ráboly
1512;1516;47.6542044975452;20.7068371;
1513;1517;47.6546958975452;20.7035755;
1514;1518;47.6551093975452;20.7006;
1515;1519;47.6554938975452;20.6977332;
1516;1520;47.6558870975452;20.6949738;Dühös-lapos
1517;1521;47.6562656975452;20.6922058;Dühös-lapos
1518;1522;47.6564911975452;20.6899656;Dühös-lapos
1519;1523;47.6568842975452;20.6877554;Dühös-lapos
1520;1524;47.6572849975452;20.6855484;
1521;1525;47.6576375975452;20.6838962;
1522;1526;47.6592360975452;20.686348;
1523;1527;47.6593151975452;20.688721;Ráboly
1524;1528;47.6590116975452;20.6910256;Ráboly
1525;1529;47.6588324975452;20.6935661;Ráboly
1526;1530;47.6584393975452;20.6963127;Ráboly
1527;1531;47.6579768975452;20.699231;Ráboly
1528;1532;47.6575606975452;20.7019261;Ráboly
1529;1533;47.6571154975452;20.705119;Ráboly
1530;1534;47.6565546975452;20.7088956;Ráboly
1531;1535;47.6559256975452;20.7138841;Ráboly
1532;1536;47.6576456975452;20.7159098;Ráboly
1533;1537;47.6583170975452;20.7137785;Ráboly
1534;1538;47.6588112975452;20.7098134;Ráboly
1535;1539;47.6593575975452;20.7058737;Ráboly
1536;1540;47.6597622975452;20.7027323;Ráboly
1537;1541;47.6601206975452;20.6999299;Ráboly
1538;1542;47.6603652975452;20.6970292;Ráboly
1539;1543;47.6607945975452;20.694141;Ráboly
1540;1544;47.6608407975452;20.6912914;Ráboly
1541;1545;47.6612470975452;20.688511;
1542;1546;47.6614830975452;20.686487;
1543;1547;47.6636360975452;20.688998;
1544;1548;47.6637790975452;20.693585;
1545;1549;47.6668841975452;20.6973977;
1546;1550;47.6681700975452;20.698481;
1547;1551;47.6705430975452;20.702326;
1548;1552;47.6708680975452;20.704879;Eger-patak
1549;1553;47.6722550975452;20.706585;Eger-patak
1550;1554;47.6731440975452;20.712615;
1551;1555;47.6623960975452;20.690904;
1552;1556;47.6624390975452;20.695185;
1553;1557;47.6621485975452;20.6977802;Ráboly
1554;1558;47.6618953975452;20.7006206;Ráboly
1555;1559;47.6614849975452;20.7033243;Ráboly
1556;1560;47.6611150975452;20.7067575;Ráboly
1557;1561;47.6606814975452;20.7103796;Ráboly
1558;1562;47.6602854975452;20.7143192;Ráboly
1559;1563;47.6600541975452;20.7167911;Ráboly
1560;1564;47.6594558975452;20.7190164;Ráboly
1561;1565;47.6613802975452;20.7216632;Ráboly
1562;1566;47.6625160975452;20.721816;
1563;1567;47.6625971975452;20.7181226;Ráboly
1564;1568;47.6628399975452;20.7148611;Ráboly
1565;1569;47.6630653975452;20.7108785;Ráboly
1566;1570;47.6632994975452;20.7073766;Ráboly
1567;1571;47.6637416975452;20.7038919;Ráboly
1568;1572;47.6640110975452;20.7012815;Ráboly
1569;1573;47.6642490975452;20.698273;Ráboly
1570;1574;47.6676190975452;20.699561;Ráboly
1571;1575;47.6665162975452;20.7018363;Ráboly
1572;1576;47.6661347975452;20.704703;Ráboly
1573;1577;47.6658110975452;20.7081362;Ráboly
1574;1578;47.6656376975452;20.7117583;Ráboly
1575;1579;47.6654035975452;20.7154404;Ráboly
1576;1580;47.6648717975452;20.7185132;Ráboly
1577;1581;47.6633400975452;20.721741;
1578;1582;47.6654555975452;20.7213971;Ráboly
1579;1583;47.6665942975452;20.7210194;Ráboly
1580;1584;47.6657850975452;20.7183758;Ráboly
1581;1585;47.6669265975452;20.7175172;Ráboly
1582;1586;47.6678900975452;20.7157577;Ráboly
1583;1587;47.6683351975452;20.7118867;Ráboly
1584;1588;47.6687877975452;20.7076295;Ráboly
1585;1589;47.6690700975452;20.704565;Ráboly
1586;1590;47.6685150975452;20.701582;Ráboly
1587;1591;47.6695170975452;20.703302;
1588;1592;47.6706660975452;20.707092;
1589;1593;47.6712800975452;20.711276;Ráboly
1590;1594;47.6721180975452;20.714355;Ráboly
1591;1595;47.6699911975452;20.7107495;Ráboly
1592;1596;47.6687975975452;20.7170881;Ráboly
1593;1597;47.6701060975452;20.715963;Ráboly
1594;1598;47.6701200975452;20.714193;Ráboly
1595;1599;47.6731660975452;20.714162;
1596;1600;47.6578400975452;20.720641;Szartos
1597;1601;47.6571685975452;20.7217376;Szartos
1598;1602;47.6549427975452;20.7202613;Szartos
1599;1603;47.6535667975452;20.7186906;Szartos
1600;1604;47.6515894975452;20.7169053;Szartos
1601;1605;47.6498952975452;20.7152488;Szartos
1602;1606;47.6495021975452;20.7169654;Szartos
1603;1607;47.6473048975452;20.7171371;Szartos
1604;1608;47.6495714975452;20.7195403;Szartos
1605;1609;47.6494095975452;20.7214973;Szartos
1606;1610;47.6558851975452;20.7232053;Szartos
1607;1611;47.6572842975452;20.7252051;Szartos
1608;1612;47.6584130975452;20.728018;Szartos
1609;1613;47.6575100975452;20.729155;Nagy-Morotva
1610;1614;47.6568987975452;20.7293487;Nagy-Morotva
1611;1615;47.6550833975452;20.7265334;Nagy-Morotva
1612;1616;47.6521925975452;20.7252631;Nagy-Morotva
1613;1617;47.6518440975452;20.72642;Apponyháti-csatorna
1614;1618;47.6501460975452;20.725755;Apponyháti-csatorna
1615;1619;47.6484980975452;20.72804;Apponyháti-csatorna
1616;1620;47.6468320975452;20.730576;Apponyháti-csatorna
1617;1621;47.6461829975452;20.7313685;Apponyháti-csatorna zsilip
1618;1622;47.6448430975452;20.732909;Apponyháti-csatorna
1619;1623;47.6437880975452;20.733287;Apponyháti-csatorna
1620;1624;47.6476850975452;20.731906;Apponyháti-csatorna
1621;1625;47.6489350975452;20.733419;Nagy-Morotva
1622;1626;47.6487002975452;20.7350822;Nagy-Morotva
1623;1627;47.6511980975452;20.7335029;Nagy-Morotva
1624;1628;47.6550602975452;20.7324729;Nagy-Morotva
1625;1629;47.6544800975452;20.733619;Nagy-Morotva
1626;1630;47.6541190975452;20.735218;Háromágú
1627;1631;47.6533851975452;20.7387895;Háromágú
1628;1632;47.6521478975452;20.7408323;Háromágú
1629;1633;47.6509914975452;20.7435274;Háromágú
1630;1634;47.6501819975452;20.7470808;Háromágú
1631;1635;47.6599311975452;20.7262784;Szartos
1632;1636;47.6602210975452;20.7290418;Szartos
1633;1637;47.6605042975452;20.733093;Szartos
1634;1638;47.6590474975452;20.7236774;Szartos
1635;1639;47.6607840975452;20.724812;Szartos
1636;1640;47.6618440975452;20.723844;Szartos-csatorna
1637;1641;47.6627980975452;20.722932;Szartos-csatorna
1638;1642;47.6631020975452;20.722696;Szartos-csatorna
1639;1643;47.6653960975452;20.722496;Szartos-csatorna
1640;1644;47.6671380975452;20.722672;Szartos-csatorna
1641;1645;47.6684820975452;20.721985;Szartos-csatorna
1642;1646;47.6696860975452;20.72178;Szartos-csatorna
1643;1647;47.6706690975452;20.721533;Szartos-csatorna
1644;1648;47.6721910975452;20.721009;Szartos-csatorna
1645;1649;47.6732460975452;20.720333;Szartos-csatorna
1646;1650;47.6744080975452;20.719545;Szartos-csatorna
1647;1651;47.6729570975452;20.719282;
1648;1652;47.6719380975452;20.719915;
1649;1653;47.6705730975452;20.720264;
1650;1654;47.6690200975452;20.720564;
1651;1655;47.6734920975452;20.71705;
1652;1656;47.6735500975452;20.71572;Nyárád-ér
1653;1657;47.6746210975452;20.717798;Nyárád-ér
1654;1658;47.6753620975452;20.719341;Nyárád-ér
1655;1659;47.6759400975452;20.720723;Nyárád-ér
1656;1660;47.6766260975452;20.723094;Nyárád-ér
1657;1661;47.6781790975452;20.723577;Nyárád-ér
1658;1662;47.6798540975452;20.725254;Nyárád-ér
1659;1663;47.6812840975452;20.725801;Nyárád-ér
1660;1664;47.6821730975452;20.725836;Nyárád-ér
1661;1665;47.6827940975452;20.728679;Nyárád-ér
1662;1666;47.6828590975452;20.731179;Nyárád-ér
1663;1667;47.6824050975452;20.733328;
1664;1668;47.6820637975452;20.7349249;IX. öblítõcsatorna
1665;1669;47.6817286975452;20.7364355;IX. öblítõcsatorna
1666;1670;47.6807780975452;20.7370878;IX. öblítõcsatorna
1667;1671;47.6797147975452;20.737311;IX. öblítõcsatorna
1668;1672;47.6775770975452;20.736665;IX. öblítõcsatorna
1669;1673;47.6758290975452;20.738564;IX. öblítõcsatorna
1670;1674;47.6738640975452;20.740989;IX. öblítõcsatorna
1671;1675;47.6730150975452;20.745158;IX. öblítõcsatorna
1672;1676;47.6720220975452;20.74906;IX. öblítõcsatorna
1673;1677;47.6710670975452;20.753231;IX. öblítõcsatorna
1674;1678;47.6704100975452;20.756375;IX. öblítõcsatorna
1675;1679;47.6700490975452;20.758177;IX. öblítõcsatorna
1676;1680;47.6700130975452;20.76028;IX. öblítõcsatorna, zsilip
1677;1681;47.6693050975452;20.761492;IX. öblítõcsatorna
1678;1682;47.6685100975452;20.763863;IX. öblítõcsatorna
1679;1683;47.6721704975452;20.7433603;Kerek-tó
1680;1684;47.6713060975452;20.742288;
1681;1685;47.6702660975452;20.74232;
1682;1686;47.6698350975452;20.744465;
1683;1687;47.6673060975452;20.746128;
1684;1688;47.6676749975452;20.748273;Hordódi-Holt-Tisza
1685;1689;47.6666229975452;20.7434665;Hordódi-Holt-Tisza
1686;1690;47.6652703975452;20.7411319;Hordódi-Holt-Tisza
1687;1691;47.6627182975452;20.7410633;Hordódi-Holt-Tisza
1688;1692;47.6609626975452;20.7418903;Hordódi-Holt-Tisza
1689;1693;47.6594364975452;20.7440361;Hordódi-Holt-Tisza
1690;1694;47.6575402975452;20.7466968;Hordódi-Holt-Tisza
1691;1695;47.6557694975452;20.7488822;Hordódi-Holt-Tisza
1692;1696;47.6544166975452;20.7510108;Hordódi-Holt-Tisza
1693;1697;47.6646391975452;20.7422508;
1694;1698;47.6648819975452;20.7449631;Hordódi-Holt-Tisza
1695;1699;47.6650437975452;20.7485508;Hordódi-Holt-Tisza
1696;1700;47.6745270975452;20.713184;Eger-patak
1697;1701;47.6758560975452;20.712908;Eger-patak
1698;1702;47.6771350975452;20.7125;Eger-patak
1699;1703;47.6777780975452;20.712403;Eger-patak
1700;1704;47.6785500975452;20.712743;Eger-patak
1701;1705;47.6793090975452;20.714023;Eger-patak
1702;1706;47.6800240975452;20.715343;Eger-patak
1703;1707;47.6810560975452;20.715954;Eger-patak
1704;1708;47.6823780975452;20.715847;Eger-patak
1705;1709;47.6833600975452;20.715214;Eger-patak
1706;1710;47.6838220975452;20.713744;Eger-patak
1707;1711;47.6842190975452;20.712296;Eger-patak
1708;1712;47.6803410975452;20.712592;
1709;1713;47.6793300975452;20.712882;
1710;1714;47.6786730975452;20.712228;
1711;1715;47.6783340975452;20.711692;
1712;1716;47.6771060975452;20.711392;
1713;1717;47.6758780975452;20.711049;
1714;1718;47.6751480975452;20.712347;
1715;1719;47.6747729975452;20.7171635;
1716;1720;47.6753740975452;20.7175927;Apota
1717;1721;47.6758785975452;20.718977;Apota
1718;1722;47.6763798975452;20.7159322;Apota
1719;1723;47.6771744975452;20.7147306;Apota
1720;1724;47.6776974975452;20.7132757;Apota
1721;1725;47.6784371975452;20.71325;Apota
1722;1726;47.6780587975452;20.7151726;Apota
1723;1727;47.6776194975452;20.7166167;Apota
1724;1728;47.6771065975452;20.7181938;Apota
1725;1729;47.6765893975452;20.72011;
1726;1730;47.6773637975452;20.7210949;Apota
1727;1731;47.6781930975452;20.7190436;Apota
1728;1732;47.6786134975452;20.7171145;Apota
1729;1733;47.6789081975452;20.7156189;Apota
1730;1734;47.6791653975452;20.7144859;Apota
1731;1735;47.6798140975452;20.715729;
1732;1736;47.6810454975452;20.7163676;Apota
1733;1737;47.6824215975452;20.7162571;Apota
1734;1738;47.6827466975452;20.7173326;Apota
1735;1739;47.6836628975452;20.7155919;Apota
1736;1740;47.6842016975452;20.7138452;Apota
1737;1741;47.6844500975452;20.7127724;
1738;1742;47.6845787975452;20.7147556;Apota
1739;1743;47.6841916975452;20.7165581;Apota
1740;1744;47.6836012975452;20.7168669;Apota
1741;1745;47.6837668975452;20.7183326;Apota
1742;1746;47.6845151975452;20.7194677;Apota
1743;1747;47.6795337975452;20.7181252;Apota
1744;1748;47.6792578975452;20.7197581;Apota
1745;1749;47.6788865975452;20.7214211;Apota
1746;1750;47.6803383975452;20.7223223;Apota
1747;1751;47.6805810975452;20.7205713;Apota
1748;1752;47.6808121975452;20.7190092;Apota
1749;1753;47.6822799975452;20.7200049;Apota
1750;1754;47.6821065975452;20.721361;Apota
1751;1755;47.6819563975452;20.7226828;Apota
1752;1756;47.6834731975452;20.722082;Apota
1753;1757;47.6836320975452;20.72064;Apota
1754;1758;47.6850419975452;20.7207087;Apota
1755;1759;47.6851055975452;20.721876;Apota
1756;1760;47.6865384975452;20.7225969;Apota
1757;1761;47.6865500975452;20.7210692;Apota
1758;1762;47.6876825975452;20.7230905;Apota
1759;1763;47.6882383975452;20.7254019;Apota
1760;1764;47.6876547975452;20.7270198;Apota
1761;1765;47.6872041975452;20.7290411;Apota
1762;1766;47.6865223975452;20.7273932;Apota
1763;1767;47.6856787975452;20.7290626;Apota
1764;1768;47.6850835975452;20.7277537;Apota
1765;1769;47.6859590975452;20.732907;Tiszavalki kikötõ
1766;1770;47.6849860975452;20.732977;
1767;1771;47.6839100975452;20.732687;
1768;1772;47.6844580975452;20.733915;
1769;1773;47.6841620975452;20.735031;
1770;1774;47.6836190975452;20.73425;
1771;1775;47.6835950975452;20.736424;
1772;1776;47.6841100975452;20.737077;
1773;1777;47.6835540975452;20.738418;
1774;1778;47.6829180975452;20.737667;
1775;1779;47.6822610975452;20.740575;
1776;1780;47.6813150975452;20.73976;
1777;1781;47.6799790975452;20.741852;
1778;1782;47.6654210975452;20.7290542;Liliomos
1779;1783;47.6654903975452;20.7318544;Liliomos
1780;1784;47.6661146975452;20.734292;Liliomos
1781;1785;47.6676521975452;20.7339659;Liliomos
1782;1786;47.6668126975452;20.7307556;Liliomos
1783;1787;47.6670438975452;20.7286098;Liliomos
1784;1788;47.6682230975452;20.7270992;Liliomos
1785;1789;47.6688212975452;20.7297556;Liliomos
1786;1790;47.6691073975452;20.7320387;Liliomos
1787;1791;47.6694685975452;20.7342832;Liliomos
1788;1792;47.6713874975452;20.7355363;Liliomos
1789;1793;47.6710406975452;20.7336909;Liliomos
1790;1794;47.6705060975452;20.7313263;Liliomos
1791;1795;47.6700465975452;20.7286355;Liliomos
1792;1796;47.6692518975452;20.7256744;Liliomos
1793;1797;47.6692287975452;20.7235115;Liliomos
1794;1798;47.6697580975452;20.722413;Liliomos
1795;1799;47.6707300975452;20.7245331;Liliomos
1796;1800;47.6714755975452;20.7274985;Liliomos
1797;1801;47.6725245975452;20.7305884;Liliomos
1798;1802;47.6728626975452;20.7330003;Liliomos
1799;1803;47.6731718975452;20.7351761;Liliomos
1800;1804;47.6742403975452;20.7334139;Liliomos
1801;1805;47.6737838975452;20.7307875;Liliomos
1802;1806;47.6732412975452;20.7268333;Liliomos
1803;1807;47.6725014975452;20.7237349;Liliomos
1804;1808;47.6708640975452;20.72207;Liliomos
1805;1809;47.6724210975452;20.72151;Liliomos
1806;1810;47.6735550975452;20.72078;Liliomos
1807;1811;47.6739405975452;20.7229366;Liliomos
1808;1812;47.6746918975452;20.725769;Liliomos
1809;1813;47.6749640975452;20.722175;Liliomos
1810;1814;47.6763790975452;20.72372;Liliomos
1811;1815;47.6760788975452;20.7253056;Liliomos
1812;1816;47.6763816975452;20.7280023;Liliomos
1813;1817;47.6742028975452;20.7288949;Liliomos
1814;1818;47.6759250975452;20.7309205;Liliomos
1815;1819;47.6759250975452;20.7330792;Liliomos
1816;1820;47.6779361975452;20.7323796;Liliomos
1817;1821;47.6777454975452;20.7299249;Liliomos
1818;1822;47.6778252975452;20.7266461;Liliomos
1819;1823;47.6780130975452;20.724825;Liliomos
1820;1824;47.6796440975452;20.726048;Liliomos
1821;1825;47.6792468975452;20.7278993;Liliomos
1822;1826;47.6811020975452;20.726766;Liliomos
1823;1827;47.6806453975452;20.7287576;Liliomos
1824;1828;47.6801367975452;20.7306974;Liliomos
1825;1829;47.6799934975452;20.7329418;Liliomos
1826;1830;47.6817190975452;20.731654;Liliomos
1827;1831;47.6818390975452;20.729266;Liliomos
1828;1832;47.6586860975452;20.719482;Ráboly
1829;1833;47.6069050975452;20.6740054;Rebence
1830;1834;47.6031385975452;20.6444924;Ravasz-hát
1831;1835;47.5646170975452;20.677018;Tiszaderzsi-Holtág
1832;1836;47.5746179975452;20.6454157;
1833;1837;47.5579497975452;20.6087041;
1834;1838;47.5467674975452;20.6089125;
1835;1839;47.5434641975452;20.6356129;Sarudi medence
1836;1840;47.5775874975452;20.6187084;
1837;1841;47.5685611975452;20.6775944;Tisza, Tiszaszõlõs, Aranyosi-sziget
1838;1842;47.5654425975452;20.6211933;Sarudi medence
1839;1843;47.6087022975452;20.674631;Rebence
1840;1844;47.6056691975452;20.655886;Rebence
1841;1845;47.6058514975452;20.6588557;Rebence
1842;1846;47.6060685975452;20.6621173;Rebence
1843;1847;47.6065141975452;20.6651257;Rebence
1844;1848;47.6071998975452;20.6687478;Rebence
1845;1849;47.6079145975452;20.6716917;Rebence
1846;1850;47.6068462975452;20.6415866;Rebence
1847;1851;47.5874968975452;20.6435347;Kozma-fok
1848;1852;47.5864195975452;20.6436041;Kozma-fok
1849;1853;47.5849178975452;20.6443046;Sarudi-medence
1850;1854;47.5844442975452;20.6470341;Sarudi-medence
1851;1855;47.5865976975452;20.6473072;Kozma-fok
1852;1856;47.5862287975452;20.6484927;Sarudi-medence
1853;1857;47.5865123975452;20.6514453;Sarudi-medence
1854;1858;47.5735512975452;20.6126466;Kis-Tisza, Sarud
1855;1859;47.5771471975452;20.6098923;Kis-Tisza, Sarud
1856;1860;47.5790354975452;20.6100975;Sarud kikötõ
1857;1861;47.5778674975452;20.6112009;Kis-Tisza, Sarud
1858;1862;47.6082677975452;20.7191375;Kormorán-kikötõ
